eco	name	pgn
A00	Amsterdam Attack	1. e3 e5 2. c4 d6 3. Nc3 Nc6 4. b3 Nf6
A00	Kádas Opening: Kádas Gambit	1. h4 d5 2. d4 c5 3. Nf3 cxd4 4. c3
A00	Polish Opening: King's Indian Variation, Sokolsky Attack	1. b4 Nf6 2. Bb2 g6 3. c4 Bg7 4. e3 d6 5. Nf3 O-O 6. d4
A00	Polish Opening: Queen's Indian Variation	1. b4 e6 2. Bb2 Nf6 3. b5 b6
A00	Polish Opening: Queenside Defense	1. b4 e6 2. Bb2 Nf6 3. b5 a6
A00	Polish Opening: Rooks Swap Line	1. b4 e6 2. Bb2 Nf6 3. b5 a6 4. a4 axb5 5. axb5 Rxa1 6. Bxa1
A00	Polish Opening: Schiffler-Sokolsky Variation	1. b4 e6 2. Bb2 Nf6 3. b5 d5 4. e3
A00	Polish Opening: Schuehler Gambit	1. b4 c6 2. Bb2 a5 3. b5 cxb5 4. e4
A00	Sodium Attack: Durkin Gambit	1. Na3 e5 2. Nc4 Nc6 3. e4 f5
A00	Van Geet Opening: Jendrossek Gambit	1. Nc3 d5 2. f4 d4 3. Ne4 f5 4. Nf2 Nf6 5. Nf3 c5 6. b4
A00	Van Geet Opening: Liebig Gambit	1. Nc3 e5 2. e3 d5 3. Qh5 Nf6
A00	Van Geet Opening: Melleby Gambit	1. Nc3 d5 2. f4 d4 3. Ne4 c5
A00	Van Geet Opening: Pfeiffer Gambit	1. Nc3 d5 2. f4 d4 3. Ne4 e5
A00	Van Geet Opening: Reversed Scandinavian	1. Nc3 e5 2. d4 exd4 3. Qxd4 Nc6 4. Qa4
A00	Van Geet Opening: Sicilian Two Knights	1. Nc3 c5 2. Nf3 Nc6 3. d4 cxd4 4. Nxd4
A00	Ware Opening: Ware Gambit	1. a4 e5 2. a5 d5 3. e3 f5 4. a6
A01	Nimzo-Larsen Attack: Modern Variation	1. b3 e5 2. Bb2 Nc6 3. c4 Nf6
A02	Bird Opening: From's Gambit, Langheld Gambit	1. f4 e5 2. fxe5 d6 3. exd6 Nf6
A02	Bird Opening: Swiss Gambit	1. f4 f5 2. e4 fxe4 3. Nc3 Nf6 4. g4
A03	Bird Opening: Lasker Variation	1. f4 d5 2. Nf3 Nf6 3. e3 c5
A04	Colle System: Rhamphorhynchus Variation	1. Nf3 c5 2. e3 g6 3. d4 Bg7 4. dxc5 Qa5+
A04	Modern Defense: Semi-Averbakh Variation, Pterodactyl Variation	1. Nf3 c5 2. c4 g6 3. d4 Bg7 4. e4 Qa5+
A05	King's Indian Attack: Wahls Defense	1. Nf3 Nf6 2. g3 g6 3. Bg2 Bg7 4. O-O O-O 5. d3 d5
A05	Zukertort Opening: Double Fianchetto Attack	1. Nf3 Nf6 2. g3 g6 3. b3 Bg7 4. Bb2 O-O 5. Bg2 d6 6. O-O
A07	King's Indian Attack, with Bf5	1. Nf3 Nf6 2. g3 d5 3. Bg2 c6 4. O-O Bf5
A07	King's Indian Attack, with Bf5	1. Nf3 Nf6 2. g3 d5 3. Bg2 c6 4. O-O Bf5 5. d3 h6
A07	King's Indian Attack, with Bf5	1. Nf3 Nf6 2. g3 d5 3. Bg2 c6 4. O-O Bf5 5. d3 h6 6. c4 dxc4
A07	King's Indian Attack, with Bf5	1. Nf3 Nf6 2. g3 d5 3. Bg2 c6 4. O-O Bf5 5. d3 e6 6. Nbd2
A07	King's Indian Attack, with Bf5	1. Nf3 Nf6 2. g3 d5 3. Bg2 c6 4. O-O Bf5 5. d3 e6 6. Nh4
A07	King's Indian Attack, with e6	1. Nf3 Nf6 2. g3 d5 3. Bg2 e6
A07	King's Indian Attack, with e6	1. Nf3 Nf6 2. g3 d5 3. Bg2 e6 4. O-O Be7
A07	King's Indian Attack: Keres Variation	1. Nf3 d5 2. g3 Bg4 3. Bg2 Nd7
A07	King's Indian Attack: Keres Variation	1. Nf3 d5 2. g3 c6 3. Bg2 Bg4 4. O-O Nd7
A07	King's Indian Attack: Pachman System	1. Nf3 d5 2. g3 g6 3. Bg2 Bg7 4. O-O e5 5. d3 Ne7
A07	King's Indian Attack: Yugoslav Variation	1. Nf3 Nf6 2. g3 d5 3. Bg2 c6 4. O-O Bg4
A08	King's Indian Attack: French Variation	1. Nf3 d5 2. g3 c5 3. Bg2 Nc6
A08	King's Indian Attack: Sicilian Variation	1. Nf3 d5 2. g3 c5 3. Bg2 Nf6 4. O-O e6 5. d3
A08	Zukertort Opening: Reversed Grünfeld	1. Nf3 d5 2. g3 c5 3. Bg2 Nc6 4. d4
A08	Zukertort Opening: Reversed Grünfeld	1. Nf3 d5 2. g3 c5 3. Bg2 Nc6 4. d4 Nf6
A08	Zukertort Opening: Reversed Grünfeld	1. Nf3 d5 2. g3 c5 3. Bg2 Nc6 4. d4 Nf6 5. O-O
A08	Zukertort Opening: Reversed Grünfeld	1. Nf3 d5 2. g3 c5 3. Bg2 Nc6 4. d4 e6 5. O-O
A09	Réti Opening: Advance Variation, Michel Gambit	1. Nf3 d5 2. c4 d4 3. b4 c5
A09	Réti Opening: Advance Variation, Navara Gambit	1. Nf3 d5 2. c4 d4 3. b4 g5
A09	Réti Opening: Reversed Blumenfeld Gambit	1. Nf3 d5 2. c4 d4 3. e3 c5 4. b4
A09	Réti Opening: Réti Gambit, Keres Variation	1. Nf3 d5 2. c4 dxc4 3. e3 Be6
A11	Réti Opening: Anglo-Slav Variation, Gurevich System	1. c4 c6 2. Nf3 d5 3. e3 Nf6 4. Qc2
A11	Réti Opening: Anglo-Slav Variation, Gurevich System	1. c4 c6 2. Nf3 d5 3. e3 Nf6 4. Nc3 Nbd7 5. Qc2
A11	Réti Opening: Anglo-Slav Variation, Gurevich System	1. c4 c6 2. Nf3 d5 3. e3 Nf6 4. Nc3 Nbd7 5. b3 e5
A11	Réti Opening: Anglo-Slav Variation, Gurevich System	1. c4 c6 2. Nf3 d5 3. e3 Nf6 4. Nc3 e6 5. b3 Bd6
A11	Réti Opening: Anglo-Slav Variation, with g3	1. c4 c6 2. Nf3 d5 3. g3 Nf6 4. b3 g6
A11	Réti Opening: Anglo-Slav Variation, with g3	1. c4 c6 2. Nf3 d5 3. g3 Nf6 4. Bg2
A11	Réti Opening: Anglo-Slav Variation, with g3	1. c4 c6 2. Nf3 d5 3. g3 Nf6 4. Bg2 dxc4
A11	Réti Opening: Anglo-Slav Variation, with g3	1. c4 c6 2. Nf3 d5 3. g3 Nf6 4. Bg2 Bf5
A11	Réti Opening: Anglo-Slav Variation, with g3	1. c4 c6 2. Nf3 d5 3. g3 Nf6 4. Bg2 Bf5 5. O-O e6 6. d3
A12	Réti Opening: Anglo-Slav Variation	1. c4 Nf6 2. g3 c6 3. Nf3 d5 4. b3
A12	Réti Opening: Anglo-Slav Variation, Bled Variation	1. Nf3 d5 2. b3 Nf6 3. Bb2 g6 4. c4 c6
A12	Réti Opening: Anglo-Slav Variation, Bogoljubow Variation	1. Nf3 d5 2. c4 c6 3. b3 Bg4
A12	Réti Opening: Anglo-Slav Variation, Bogoljubow Variation	1. Nf3 d5 2. c4 c6 3. b3 Bf5
A12	Réti Opening: Anglo-Slav Variation, Bogoljubow Variation	1. Nf3 d5 2. c4 c6 3. b3 Bf5 4. Bb2
A12	Réti Opening: Anglo-Slav Variation, Capablanca Variation	1. c4 Nf6 2. Nf3 c6 3. b3 d5 4. Bb2 Bg4
A12	Réti Opening: Anglo-Slav Variation, Capablanca Variation	1. c4 Nf6 2. Nf3 c6 3. b3 d5 4. Bb2 Bg4 5. e3
A12	Réti Opening: Anglo-Slav Variation, Capablanca Variation	1. c4 Nf6 2. Nf3 c6 3. b3 d5 4. Bb2 Bg4 5. d3
A12	Réti Opening: Anglo-Slav Variation, London Defensive System	1. c4 Nf6 2. g3 c6 3. Nf3 d5 4. b3 Bf5
A12	Réti Opening: Anglo-Slav Variation, London Defensive System	1. c4 Nf6 2. g3 c6 3. Nf3 d5 4. b3 Bf5 5. Bg2
A12	Réti Opening: Anglo-Slav Variation, London Defensive System	1. c4 Nf6 2. g3 c6 3. Nf3 d5 4. b3 Bf5 5. Bg2 e6 6. Bb2
A12	Réti Opening: Anglo-Slav Variation, London Defensive System	1. c4 Nf6 2. g3 c6 3. Nf3 d5 4. b3 Bf5 5. Bb2
A12	Réti Opening: Anglo-Slav Variation, New York System	1. Nf3 Nf6 2. c4 c6 3. b3 d5 4. Bb2 Bf5
A12	Réti Opening: Anglo-Slav Variation, New York System	1. Nf3 Nf6 2. c4 c6 3. b3 d5 4. Bb2 Bf5 5. e3
A12	Réti Opening: Anglo-Slav Variation, New York System	1. Nf3 Nf6 2. c4 c6 3. b3 d5 4. Bb2 Bf5 5. d3
A12	Réti Opening: Anglo-Slav Variation, Torre System	1. c4 Nf6 2. g3 c6 3. Nf3 d5 4. b3 Bg4
A12	Réti Opening: Anglo-Slav Variation, Torre System	1. c4 Nf6 2. g3 c6 3. Nf3 d5 4. b3 Bg4 5. Bg2
A12	Réti Opening: Anglo-Slav Variation, Torre System	1. c4 Nf6 2. g3 c6 3. Nf3 d5 4. b3 Bg4 5. Bg2 e6 6. Bb2
A12	Réti Opening: Anglo-Slav Variation, Torre System	1. c4 Nf6 2. g3 c6 3. Nf3 d5 4. b3 Bg4 5. Bb2
A12	Réti Opening: Anglo-Slav Variation, with dxc4	1. c4 Nf6 2. g3 c6 3. Nf3 d5 4. b3 dxc4
A13	English Opening: Agincourt Defense	1. c4 e6 2. Nf3 d5 3. b3 Nf6 4. Bb2 Be7 5. e3 O-O
A13	English Opening: Agincourt Defense	1. c4 e6 2. Nf3 d5 3. b3 Nf6 4. Bb2 Be7 5. e3 O-O 6. d4
A13	English Opening: Agincourt Defense, Catalan Defense	1. c4 e6 2. Nf3 d5 3. g3 c5
A13	English Opening: Agincourt Defense, Catalan Defense Accepted	1. c4 e6 2. Nf3 Nf6 3. g3 d5 4. Bg2 dxc4
A13	English Opening: Agincourt Defense, Catalan Defense, Semi-Slav Defense	1. c4 e6 2. Nf3 Nf6 3. g3 d5 4. Bg2 c6
A13	English Opening: Agincourt Defense, Kurajica Defense	1. c4 e6 2. Nf3 d5 3. g3 c6
A13	English Opening: Agincourt Defense, Tarrasch Defense	1. c4 e6 2. Nf3 d5 3. g3 Nf6 4. Bg2 c5 5. b3 Nc6 6. O-O Be7
A13	English Opening: Agincourt Defense, Wimpy System	1. c4 e6 2. Nf3 Nf6 3. b3 d5 4. Bb2 c5 5. e3
A13	English Opening: Neo-Catalan	1. c4 e6 2. Nf3 d5 3. g3 Nf6
A13	English Opening: Neo-Catalan Declined	1. c4 e6 2. Nf3 d5 3. g3 Nf6 4. Bg2 Be7
A13	English Opening: Romanishin Gambit	1. c4 Nf6 2. Nf3 e6 3. g3 a6 4. Bg2 b5
A14	English Opening: Agincourt Defense, Neo-Catalan Declined	1. c4 e6 2. Nf3 d5 3. g3 Nf6 4. Bg2 Be7 5. O-O
A14	English Opening: Agincourt Defense, Neo-Catalan Declined	1. c4 e6 2. Nf3 d5 3. g3 Nf6 4. Bg2 Be7 5. O-O O-O 6. b3
A14	English Opening: Agincourt Defense, Neo-Catalan Declined	1. Nf3 d5 2. g3 Nf6 3. Bg2 e6 4. O-O Be7 5. c4 O-O 6. b3 c5
A14	English Opening: Agincourt Defense, Neo-Catalan Declined, Early b3	1. c4 e6 2. Nf3 d5 3. g3 Nf6 4. Bg2 Be7 5. b3
A14	English Opening: Agincourt Defense, Neo-Catalan Declined, Early b3	1. c4 e6 2. Nf3 d5 3. g3 Nf6 4. Bg2 Be7 5. b3 b6
A14	English Opening: Agincourt Defense, Neo-Catalan Declined, Early b3	1. c4 e6 2. Nf3 d5 3. g3 Nf6 4. Bg2 Be7 5. b3 c5
A14	Réti Opening: Anglo-Slav Variation	1. Nf3 d5 2. c4 c6 3. g3 Nf6 4. Bg2 e6 5. b3 Be7 6. Bb2
A15	English Opening: Anglo-Indian Defense, Anti-Anti-Grünfeld	1. c4 Nf6 2. Nc3 g6 3. Nf3 Bg7 4. e4
A15	English Opening: Anglo-Indian Defense, Grünfeld Formation	1. c4 Nf6 2. Nf3 g6 3. g3 d5
A15	English Opening: Anglo-Indian Defense, Queen's Indian Formation	1. c4 e6 2. Nf3 Nf6 3. g3 b6 4. Bg2 Bb7
A15	English Opening: Anglo-Indian Defense, Romanishin Variation	1. c4 e6 2. Nf3 Nf6 3. g3 a6
A15	English Opening: Anglo-Indian Defense, Slav Formation	1. c4 Nf6 2. Nf3 g6 3. g3 c6
A16	English Opening: Anglo-Grünfeld Defense, Korchnoi Variation	1. c4 Nf6 2. Nc3 d5 3. cxd5 Nxd5 4. Nf3 g6 5. g3 Bg7 6. Bg2 e5
A16	English Opening: Anglo-Indian Defense, Anglo-Grünfeld Variation	1. c4 Nf6 2. Nc3 d5 3. cxd5 Nxd5 4. Nf3
A16	English Opening: Anglo-Indian Defense, Anglo-Grünfeld Variation	1. c4 Nf6 2. Nc3 d5 3. cxd5 Nxd5 4. g3 g6 5. Bg2 Nxc3
A17	English Opening: Anglo-Indian Defense	1. c4 Nf6 2. Nc3 d5 3. cxd5 Nxd5 4. Nf3 c5 5. e3 e6
A17	English Opening: Anglo-Indian Defense, Nimzo-English	1. c4 Nf6 2. Nc3 e6 3. Nf3 Bb4
A17	English Opening: Anglo-Indian Defense, Queen's Indian Formation	1. c4 e6 2. Nc3 Nf6 3. Nf3 b6
A17	English Opening: Anglo-Indian Defense, Queen's Indian Variation	1. c4 e6 2. Nc3 Nf6 3. Nf3 b6 4. e4 Bb7 5. Bd3
A17	English Opening: Anglo-Indian Defense, Zvjaginsev-Krasenkow Attack	1. c4 e6 2. Nc3 Nf6 3. Nf3 Bb4 4. g4
A18	English Opening: Mikenas-Carls Variation	1. c4 e6 2. Nc3 Nf6 3. e4 d5 4. e5
A19	English Opening: Mikenas-Carls, Sicilian	1. c4 e6 2. Nc3 Nf6 3. e4 c5
A21	English Opening: King's English Variation, Keres Defense	1. c4 e5 2. Nc3 d6 3. g3 c6
A22	English Opening: King's English Variation, Two Knights Variation, Reversed Dragon	1. c4 e5 2. Nc3 Nf6 3. g3 d5
A22	English Opening: King's English Variation, Two Knights Variation, Smyslov System	1. c4 e5 2. Nc3 Nf6 3. g3 Bb4
A23	English Opening: King's English Variation, Two Knights Variation, Keres Variation	1. c4 e5 2. Nc3 Nf6 3. g3 c6
A23	English Opening: King's English Variation, Two Knights Variation, Keres Variation	1. c4 e5 2. Nc3 Nf6 3. g3 Bc5 4. Bg2 c6
A24	English Opening: King's English Variation, Two Knights Variation, Fianchetto Line	1. c4 e5 2. Nc3 Nf6 3. g3 g6
A25	English Opening: King's English Variation, Bremen-Hort Variation	1. c4 e5 2. Nc3 Nc6 3. g3 g6 4. Bg2 Bg7 5. e3 d6 6. Nge2 Be6
A25	English Opening: King's English Variation, Closed System	1. c4 e5 2. Nc3 Nc6 3. g3 g6 4. Bg2 Bg7 5. d3
A25	English Opening: King's English Variation, Hungarian Attack	1. c4 e5 2. Nc3 Nc6 3. g3 g6 4. Bg2 Bg7 5. Rb1
A25	English Opening: King's English Variation, Reversed Closed Sicilian	1. c4 e5 2. g3 Nf6 3. Bg2 Nc6 4. Nc3 Bb4 5. Nd5
A25	English Opening: King's English Variation, Reversed Closed Sicilian	1. c4 e5 2. g3 Nf6 3. Bg2 Nc6 4. Nc3 Bb4 5. e4 d6 6. Nge2
A25	English Opening: King's English Variation, Reversed Closed Sicilian	1. c4 e5 2. g3 Nf6 3. Bg2 Nc6 4. Nc3 Bb4 5. e4 d6 6. Nge2 Bg4
A25	English Opening: King's English Variation, Reversed Closed Sicilian	1. c4 e5 2. Nc3 Nf6 3. g3 Bb4 4. e4 O-O 5. Nge2 Nc6 6. Bg2
A25	English Opening: King's English Variation, Taimanov Variation	1. c4 e5 2. Nc3 Nc6 3. g3 g6 4. Bg2 Bg7
A26	English Opening: King's English Variation, Botvinnik System	1. c4 e5 2. Nc3 Nc6 3. g3 g6 4. Bg2 Bg7 5. d3 d6 6. e4
A26	English Opening: King's English Variation, Closed System, Full Symmetry	1. c4 e5 2. Nc3 Nc6 3. g3 g6 4. Bg2 Bg7 5. d3 d6
A28	English Opening: Four Knights System, Nimzowitsch Variation	1. c4 e5 2. Nc3 Nf6 3. Nf3 Nc6 4. e4
A28	English Opening: King's English Variation, Four Knights Variation	1. c4 e5 2. Nc3 Nf6 3. Nf3 Nc6
A28	English Opening: King's English Variation, Four Knights Variation, Bradley Beach Variation	1. c4 e5 2. Nc3 Nf6 3. Nf3 Nc6 4. d4 e4
A28	English Opening: King's English Variation, Four Knights Variation, Flexible Line	1. c4 e5 2. Nc3 Nf6 3. Nf3 Nc6 4. d3
A28	English Opening: King's English Variation, Four Knights Variation, Korchnoi Line	1. c4 e5 2. Nc3 Nf6 3. Nf3 Nc6 4. a3
A28	English Opening: King's English Variation, Four Knights Variation, Quiet Line	1. c4 e5 2. Nc3 Nf6 3. Nf3 Nc6 4. e3
A28	English Opening: King's English Variation, Four Knights Variation, Quiet Line	1. c4 e5 2. Nc3 Nf6 3. Nf3 Nc6 4. e3 Bb4 5. Qc2 Bxc3
A29	English Opening: King's English Variation, Four Knights Variation, Fianchetto Line	1. c4 e5 2. Nc3 Nf6 3. Nf3 Nc6 4. g3
A29	English Opening: King's English Variation, Four Knights Variation, Fianchetto Line	1. c4 e5 2. Nc3 Nf6 3. Nf3 Nc6 4. g3 Bb4
A29	English Opening: King's English Variation, Four Knights Variation, Fianchetto Line	1. c4 e5 2. g3 Nf6 3. Bg2 d5 4. cxd5 Nxd5 5. Nf3 Nc6
A29	English Opening: King's English Variation, Four Knights Variation, Fianchetto Line	1. c4 e5 2. g3 Nf6 3. Bg2 d5 4. cxd5 Nxd5 5. Nf3 Nc6 6. d3
A29	English Opening: King's English Variation, Four Knights Variation, Fianchetto Line, with .. d6	1. c4 e5 2. Nc3 Nf6 3. Nf3 Nc6 4. g3 Bc5 5. d3 d6 6. Bg2
A29	English Opening: King's English Variation, Four Knights Variation, Fianchetto Line, with .. d6, Be7	1. c4 e5 2. Nc3 Nf6 3. g3 Nc6 4. Bg2 d6 5. d3 Be7 6. Nf3 O-O
A29	English Opening: King's English Variation, Four Knights Variation, Fianchetto Line, with .. d6, h6	1. c4 e5 2. Nc3 Nf6 3. Nf3 Nc6 4. g3 Bc5 5. d3 d6 6. Bg2 h6
A29	English Opening: King's English Variation, Four Knights Variation, Fianchetto Line, with Bc5	1. c4 e5 2. Nc3 Nf6 3. Nf3 Nc6 4. g3 d5 5. cxd5 Nxd5 6. Bg2 Bc5
A29	English Opening: King's English Variation, Four Knights Variation, Fianchetto Line, with Nb6	1. c4 e5 2. Nc3 Nf6 3. Nf3 Nc6 4. g3 d5 5. cxd5 Nxd5 6. Bg2 Nb6
A32	English Opening: Symmetrical Variation, Anti-Benoni Variation, Spielmann Defense	1. c4 e6 2. d4 c5 3. Nf3 cxd4 4. Nxd4 Nf6
A33	English Opening: Symmetrical Variation, Anti-Benoni Variation, Geller Variation	1. c4 e6 2. Nf3 Nf6 3. Nc3 c5 4. d4 Nc6 5. g3 cxd4 6. Nxd4 Qb6
A33	English Opening: Symmetrical Variation, Anti-Benoni Variation, Spielmann Defense	1. c4 e6 2. Nf3 Nf6 3. Nc3 c5 4. d4 cxd4 5. Nxd4 Nc6
A34	English Opening: Symmetrical Variation	1. c4 c5 2. Nf3 Nf6 3. Nc3 Nc6 4. g3 d5 5. d4 cxd4
A34	English Opening: Symmetrical Variation, Rubinstein Variation	1. c4 Nf6 2. Nc3 c5 3. g3 d5 4. cxd5 Nxd5 5. Bg2 Nc7
A34	English Opening: Symmetrical Variation, Rubinstein Variation	1. c4 c5 2. Nf3 Nf6 3. Nc3 d5 4. cxd5 Nxd5 5. g3 Nc6 6. Bg2 Nc7
A35	English Opening: Symmetrical Variation, Four Knights Variation	1. c4 c5 2. Nf3 Nf6 3. Nc3 Nc6
A35	English Opening: Symmetrical Variation, Four Knights Variation, Keres-Parma System	1. c4 c5 2. Nf3 Nf6 3. Nc3 Nc6 4. g3 e6
A36	English Opening: Symmetrical Variation, Botvinnik System	1. c4 c5 2. e4 Nc6 3. Nc3 g6 4. g3 Bg7 5. Bg2
A36	English Opening: Symmetrical Variation, Botvinnik System Reversed, with e3	1. c4 c5 2. Nc3 Nc6 3. g3 g6 4. Bg2 Bg7 5. e3 e5
A36	English Opening: Symmetrical Variation, Ultra-Symmetrical Variation	1. c4 c5 2. g3 g6 3. Bg2 Bg7 4. Nc3 Nc6
A37	English Opening: Symmetrical Variation, Botvinnik System Reversed, with Nf3	1. c4 c5 2. Nc3 Nc6 3. g3 g6 4. Bg2 Bg7 5. Nf3 e5 6. O-O Nge7
A37	English Opening: Symmetrical Variation, Three Knights, Fianchetto Variation	1. c4 c5 2. Nc3 Nc6 3. g3 g6 4. Bg2 Bg7 5. Nf3
A37	English Opening: Symmetrical Variation, Three Knights, Fianchetto Variation	1. c4 c5 2. Nf3 Nc6 3. g3 g6 4. Bg2 Bg7 5. O-O d6 6. Nc3
A37	English Opening: Symmetrical Variation, Three Knights, Fianchetto Variation	1. c4 c5 2. Nf3 Nc6 3. g3 g6 4. Bg2 Bg7 5. O-O e6 6. Nc3
A38	English Opening: Symmetrical Variation, Full Symmetry Line	1. c4 Nf6 2. Nf3 c5 3. Nc3 Nc6 4. g3 g6 5. Bg2 Bg7
A40	Colle System: Siroccopteryx Variation	1. d4 g6 2. Nf3 Bg7 3. e3 c5 4. Bd3 cxd4 5. Nxd4 Qa5+
A40	English Defense: Hartlaub Gambit Declined	1. c4 e6 2. d4 b6 3. Nc3 Bb7 4. e4 f5 5. d5
A40	English Defense: Poli Gambit	1. d4 e6 2. c4 b6 3. e4 Bb7 4. f3 f5 5. exf5 Nh6
A40	Englund Gambit Declined: Diemer Counterattack	1. d4 e5 2. d5 Bc5 3. e4 Qh4
A40	Mikenas Defense: Pozarek Gambit	1. d4 Nc6 2. c4 e5 3. dxe5 Nxe5 4. Nc3 Nxc4
A40	Pterodactyl Defense: Fianchetto, Queen Pterodactyl	1. d4 g6 2. Nf3 Bg7 3. g3 c5 4. Bg2 Qa5+
A40	Pterodactyl Defense: Queen Pterodactyl, Quiet Line	1. d4 g6 2. c4 Bg7 3. Nc3 c5 4. e3
A41	Rat Defense: English Rat, Lisbon Gambit	1. d4 d6 2. c4 e5 3. dxe5 Nc6
A41	Robatsch Defense: Rossolimo Variation	1. d4 d6 2. Nf3 g6 3. c4 Bg7 4. e4 Bg4
A42	Modern Defense: Averbakh Variation, Pseudo-Sämisch	1. d4 g6 2. c4 Bg7 3. e4 d6 4. Be3 Nf6 5. f3
A42	Pterodactyl Defense: Central, Bogolubovia	1. d4 g6 2. c4 Bg7 3. e4 d6 4. Nc3 c5 5. Nge2 Qa5
A45	Trompowsky Attack: Edge Variation, Hergert Gambit	1. d4 Nf6 2. Bg5 Ne4 3. Bh4 d5 4. f3 Nf6 5. Nc3 Bf5 6. e4
A45	Trompowsky Attack: Poisoned Pawn Variation	1. d4 Nf6 2. Bg5 c5 3. d5 Qb6 4. Nc3
A46	Queen's Pawn Game: Torre Attack, Breyer Variation	1. d4 Nf6 2. Nf3 e6 3. Bg5 d5 4. e3 c5 5. c3 Qb6
A46	Queen's Pawn Game: Veresov Attack, Classical Defense	1. d4 Nf6 2. Nf3 e6 3. Nc3 d5 4. Bg5
A46	Torre Attack: Classical Defense, Nimzowitsch Variation	1. d4 Nf6 2. Nf3 e6 3. Bg5 h6
A46	Torre Attack: Wagner Gambit	1. d4 Nf6 2. Nf3 e6 3. Bg5 c5 4. e4
A47	Marienbad System	1. d4 Nf6 2. Nf3 b6 3. g3 Bb7 4. Bg2 c5
A47	Marienbad System: Berg Variation	1. d4 Nf6 2. Nf3 b6 3. g3 Bb7 4. Bg2 c5 5. c4 cxd4 6. Qxd4
A47	Pseudo Queen's Indian Defense	1. d4 Nf6 2. Nf3 b6 3. e3 Bb7 4. Bd3 e6 5. Nbd2 c5 6. b3 Be7
A48	Indian Defense: Colle System, King's Indian Variation	1. d4 Nf6 2. Nf3 g6 3. e3 Bg7 4. Bd3 d6
A48	London System	1. d4 Nf6 2. Nf3 g6 3. Bf4 Bg7 4. e3
A48	London System	1. d4 Nf6 2. Nf3 g6 3. Bf4 Bg7 4. e3 d6
A48	London System, with Bd3	1. d4 Nf6 2. Nf3 g6 3. Bf4 Bg7 4. e3 d6 5. Bd3
A48	London System, with Be2	1. d4 Nf6 2. Nf3 g6 3. Bf4 Bg7 4. e3 d6 5. Be2
A48	London System, with Be2	1. d4 Nf6 2. Nf3 g6 3. Bf4 Bg7 4. e3 d6 5. Be2 O-O
A48	London System, with Be2	1. d4 Nf6 2. Nf3 g6 3. Bf4 Bg7 4. e3 d6 5. h3 c5 6. Be2
A48	Queen's Pawn Game: Barry Attack	1. d4 Nf6 2. Nf3 g6 3. Nc3 d5 4. Bf4
A48	Queen's Pawn Game: Barry Attack	1. d4 Nf6 2. Nf3 g6 3. Nc3 d5 4. Bf4 Bg7
A48	Queen's Pawn Game: Barry Attack, Grünfeld Variation	1. d4 Nf6 2. Nf3 g6 3. Nc3 d5 4. Bf4 Bg7 5. e3 O-O 6. Be2
A48	Queen's Pawn Game: Barry Attack, Tarzan Attack	1. d4 Nf6 2. Nf3 g6 3. Nc3 d5 4. Bf4 Bg7 5. Qd2
A48	Queen's Pawn Game: Torre Attack, Grünfeld Variation, Main Line	1. d4 Nf6 2. Nf3 g6 3. Bg5 Bg7 4. Nbd2 d5 5. e3 O-O
A48	Torre Attack: Fianchetto Defense, Euwe Variation	1. d4 Nf6 2. Nf3 g6 3. Bg5 Bg7 4. Nbd2 c5
A52	Indian Defense: Budapest Gambit Accepted, Main Line, Rubinstein Variation	1. d4 Nf6 2. c4 e5 3. dxe5 Ng4 4. Bf4
A53	Old Indian Defense: Janowski Variation, Grinberg Gambit	1. d4 Nf6 2. c4 d6 3. Nc3 Bf5 4. e4
A54	Old Indian Defense: Duz-Khotimirsky Variation	1. d4 Nf6 2. c4 d6 3. Nc3 e5 4. e3 Nbd7 5. Bd3
A54	Old Indian Defense: Ukrainian Variation	1. d4 Nf6 2. c4 d6 3. Nc3 e5
A56	Benoni Defense: Weenink Variation	1. d4 Nf6 2. c4 c5 3. dxc5 e6
A57	Benko Gambit Accepted: Dlugy Variation	1. d4 Nf6 2. c4 c5 3. d5 b5 4. cxb5 a6 5. f3
A57	Benko Gambit Accepted: Pawn Return Variation	1. d4 Nf6 2. c4 c5 3. d5 b5 4. cxb5 a6 5. b6
A57	Benko Gambit Declined: Bishop Attack	1. d4 Nf6 2. c4 c5 3. d5 b5 4. Bg5
A57	Benko Gambit Declined: Hjørring Countergambit	1. d4 Nf6 2. c4 c5 3. d5 b5 4. e4
A57	Benko Gambit Declined: Main Line	1. d4 Nf6 2. c4 c5 3. d5 b5 4. Nf3
A57	Benko Gambit Declined: Pseudo-Sämisch	1. d4 Nf6 2. c4 c5 3. d5 b5 4. f3
A57	Benko Gambit Declined: Quiet Line	1. d4 Nf6 2. c4 c5 3. d5 b5 4. Nd2
A57	Benko Gambit Declined: Sosonko Variation	1. d4 Nf6 2. c4 c5 3. d5 b5 4. a4
A57	Benko Gambit: Mutkin Countergambit	1. d4 Nf6 2. c4 c5 3. d5 b5 4. g4
A58	Benko Gambit Accepted: Fully Accepted Variation	1. d4 Nf6 2. c4 c5 3. d5 b5 4. cxb5 a6 5. bxa6
A82	Dutch Defense: Blackmar's Second Gambit	1. d4 f5 2. e4 fxe4 3. Nc3 Nf6 4. f3
A83	Dutch Defense: Staunton Gambit	1. d4 f5 2. e4 fxe4 3. Nc3 Nf6 4. Bg5
A83	Dutch Defense: Staunton Gambit, Alekhine Variation	1. d4 f5 2. e4 fxe4 3. Nc3 Nf6 4. Bg5 g6 5. h4
A83	Dutch Defense: Staunton Gambit, Chigorin Variation	1. d4 f5 2. e4 fxe4 3. Nc3 Nf6 4. Bg5 c6
A83	Dutch Defense: Staunton Gambit, Lasker Variation	1. d4 f5 2. e4 fxe4 3. Nc3 Nf6 4. Bg5 g6 5. f3
A90	Dutch Defense: Stonewall Variation, Modern Variation	1. d4 f5 2. c4 e6 3. Nf3 Nf6 4. g3 c6 5. Bg2 d5 6. O-O Bd6
B00	Nimzowitsch Defense: Kennedy Variation, Riemann Defense	1. e4 Nc6 2. d4 e5 3. dxe5 Nxe5 4. f4 Nc6
B00	Nimzowitsch Defense: Scandinavian Variation, Bogoljubow Variation	1. e4 Nc6 2. d4 d5 3. Nc3 dxe4
B00	Nimzowitsch Defense: Scandinavian Variation, Bogoljubow Variation, Nimzowitsch Gambit	1. e4 Nc6 2. d4 d5 3. Nc3 dxe4 4. d5 Ne5
B00	Nimzowitsch Defense: Scandinavian Variation, Bogoljubow Variation, Richter Gambit	1. e4 Nc6 2. d4 d5 3. Nc3 dxe4 4. d5 Nb8 5. f3
B00	Nimzowitsch Defense: Scandinavian Variation, Exchange Variation	1. e4 Nc6 2. d4 d5 3. exd5 Qxd5
B00	Rat Defense: Fuller Gambit	1. e4 d6 2. f4 d5 3. exd5 Nf6
B00	Van Geet Opening: Berlin Gambit	1. e4 Nc6 2. d4 d5 3. Nc3 dxe4 4. d5
B01	Scandinavian Defense: Icelandic-Palme Gambit	1. e4 d5 2. exd5 Nf6 3. c4 e6
B01	Scandinavian Defense: Main Line, Leonhardt Gambit	1. e4 d5 2. exd5 Qxd5 3. Nc3 Qa5 4. b4
B01	Scandinavian Defense: Panov Transfer	1. e4 d5 2. exd5 Nf6 3. c4 c6
B01	Scandinavian Defense: Portuguese Gambit, Banker Variation	1. e4 d5 2. exd5 Nf6 3. d4 Bg4 4. f3 Bf5 5. c4
B02	Alekhine Defense: Hunt Variation, Lasker Simul Gambit	1. e4 Nf6 2. e5 Nd5 3. c4 Nb6 4. c5 Nd5 5. Bc4 e6 6. Nc3
B02	Alekhine Defense: Kmoch Variation	1. e4 Nf6 2. e5 Nd5 3. Bc4 Nb6 4. Bb3 c5 5. d3
B02	Alekhine Defense: Spielmann Gambit	1. e4 Nf6 2. Nc3 d5 3. e5 Nfd7 4. e6
B02	Alekhine Defense: Steiner Variation	1. e4 Nf6 2. e5 Nd5 3. c4 Nb6 4. b3
B02	Alekhine Defense: Two Pawns Attack, Lasker Variation	1. e4 Nf6 2. e5 Nd5 3. c4 Nb6 4. c5
B02	Alekhine Defense: Two Pawns Attack, Mikenas Variation	1. e4 Nf6 2. e5 Nd5 3. c4 Nb6 4. c5 Nd5 5. Bc4 e6 6. Nc3 d6
B02	Alekhine Defense: Two Pawns Attack, Tate Variation	1. e4 Nf6 2. e5 Nd5 3. c4 Nb6 4. a4
B03	Alekhine Defense: Balogh Variation	1. e4 Nf6 2. e5 Nd5 3. d4 d6 4. Bc4
B03	Alekhine Defense: Modern Variation, Alekhine Gambit	1. e4 Nf6 2. e5 Nd5 3. d4 d6 4. c4 Nb6 5. Nf3 Bg4 6. Be2
B05	Alekhine Defense: Modern Variation, Panov Variation	1. e4 Nf6 2. e5 Nd5 3. d4 d6 4. Nf3 Bg4 5. h3
B05	Alekhine Defense: Modern Variation, Vitolins Attack	1. e4 Nf6 2. e5 Nd5 3. d4 d6 4. Nf3 Bg4 5. c4 Nb6 6. d5
B06	Modern Defense: Dunworthy Variation	1. e4 g6 2. d4 Bg7 3. c4 d5 4. exd5 c6 5. dxc6 Bxd4
B06	Modern Defense: Semi-Averbakh Variation, Pterodactyl Variation Declined	1. e4 g6 2. d4 Bg7 3. c4 c5 4. Nf3 d6 5. Be2 Qa5+
B06	Modern Defense: Two Knights Variation, Suttles Variation, Tal Gambit	1. e4 g6 2. d4 Bg7 3. Nc3 d6 4. Nf3 c6 5. Bg5 Qb6 6. Qd2 Qxb2
B06	Pterodactyl Defense: Central, Anhanguera	1. e4 g6 2. d4 Bg7 3. c4 c5 4. Nc3 d6 5. Be3 Qa5
B06	Pterodactyl Defense: Fianchetto, King Pterodactyl	1. e4 g6 2. d4 Bg7 3. g3 c5 4. Nf3 Qa5+
B06	Pterodactyl Defense: Fianchetto, Rhamphorhynchus	1. e4 g6 2. d4 Bg7 3. g3 c5 4. dxc5 Qa5+
B06	Pterodactyl Defense: Sicilian, Siroccopteryx	1. e4 g6 2. d4 Bg7 3. Nc3 c5 4. Nf3 Qa5 5. Bc4
B06	Pterodactyl Defense: Western, Siroccopteryx	1. e4 g6 2. Nf3 Bg7 3. d4 c5 4. Bc4 cxd4 5. Nxd4 Qa5+
B07	Pirc Defense: Bayonet Attack	1. e4 d6 2. d4 Nf6 3. Nc3 g6 4. Be2 Bg7 5. h4
B07	Pirc Defense: Chinese Variation	1. e4 d6 2. d4 Nf6 3. Nc3 g6 4. Be2 Bg7 5. g4
B07	Pirc Defense: Kholmov System	1. e4 d6 2. d4 Nf6 3. Nc3 g6 4. Bc4
B07	Pirc Defense: Sveshnikov System	1. e4 d6 2. d4 Nf6 3. Nc3 g6 4. g3
B08	Pirc Defense: Classical Variation, Quiet System, Chigorin Line	1. e4 d6 2. d4 Nf6 3. Nc3 g6 4. Nf3 Bg7 5. Be2 O-O 6. O-O Nc6
B09	Pirc Defense: Austrian Attack, Ljubojevic Variation	1. e4 d6 2. d4 Nf6 3. Nc3 g6 4. f4 Bg7 5. Bc4
B09	Pirc Defense: Austrian Attack, Unzicker Attack	1. e4 d6 2. d4 Nf6 3. Nc3 g6 4. f4 Bg7 5. Nf3 O-O 6. e5
B10	Caro-Kann Defense: Accelerated Panov Attack, Modern Variation	1. e4 c6 2. c4 d5 3. exd5 cxd5 4. cxd5 Nf6
B10	Caro-Kann Defense: Apocalypse Attack	1. e4 c6 2. Nf3 d5 3. exd5 cxd5 4. Ne5
B10	Caro-Kann Defense: Dinic Gambit	1. e4 c6 2. Nf3 d5 3. d3 dxe4 4. Ng5
B10	Caro-Kann Defense: Endgame Variation	1. e4 c6 2. Nf3 d5 3. d3 dxe4 4. dxe4 Qxd1+ 5. Kxd1
B10	Caro-Kann Defense: Hector Gambit	1. e4 c6 2. Nc3 d5 3. Nf3 dxe4 4. Ng5
B10	Caro-Kann Defense: Scorpion-Horus Gambit	1. e4 c6 2. Nc3 d5 3. d3 dxe4 4. Bg5
B11	Caro-Kann Defense: Two Knights Attack, Mindeno Variation	1. e4 c6 2. Nc3 d5 3. Nf3 Bg4
B11	Caro-Kann Defense: Two Knights Attack, Mindeno Variation, Exchange Line	1. e4 c6 2. Nc3 d5 3. Nf3 Bg4 4. h3 Bxf3
B12	Caro-Kann Defense: Advance Variation, Bayonet Attack	1. e4 c6 2. d4 d5 3. e5 Bf5 4. g4
B12	Caro-Kann Defense: Advance Variation, Botvinnik-Carls Defense	1. e4 c6 2. d4 d5 3. e5 c5
B12	Caro-Kann Defense: Advance Variation, Bronstein Variation	1. e4 c6 2. d4 d5 3. e5 Bf5 4. Ne2
B12	Caro-Kann Defense: Advance Variation, Prins Attack	1. e4 c6 2. d4 d5 3. e5 Bf5 4. b4
B12	Caro-Kann Defense: Advance Variation, Short Variation	1. e4 c6 2. d4 d5 3. e5 Bf5 4. Nf3
B12	Caro-Kann Defense: Advance Variation, Tal Variation	1. e4 c6 2. d4 d5 3. e5 Bf5 4. h4
B12	Caro-Kann Defense: Advance Variation, Van der Wiel Attack	1. e4 c6 2. d4 d5 3. e5 Bf5 4. Nc3
B12	Caro-Kann Defense: Advance, Short Variation	1. e4 c6 2. d4 d5 3. e5 Bf5 4. c3 e6 5. Be2
B13	Caro-Kann Defense: Exchange Variation	1. e4 c6 2. d4 d5 3. exd5 cxd5
B13	Caro-Kann Defense: Exchange Variation	1. e4 c6 2. d4 d5 3. exd5 cxd5 4. Bf4
B13	Caro-Kann Defense: Exchange Variation	1. e4 c6 2. d4 d5 3. exd5 cxd5 4. Nf3 Nc6
B13	Caro-Kann Defense: Exchange Variation, Rubinstein Variation	1. e4 c6 2. d4 d5 3. exd5 cxd5 4. Bd3 Nc6 5. c3 Nf6 6. Bf4
B13	Caro-Kann Defense: Panov Attack	1. e4 c6 2. d4 d5 3. exd5 cxd5 4. c4
B13	Caro-Kann Defense: Panov Attack	1. e4 c6 2. d4 d5 3. exd5 cxd5 4. c4 Nf6 5. Nc3
B13	Caro-Kann Defense: Panov Attack, Gunderam Attack	1. e4 c6 2. d4 d5 3. exd5 cxd5 4. c4 Nf6 5. c5
B13	Caro-Kann Defense: Panov Attack, Modern Defense	1. e4 c6 2. d4 d5 3. exd5 cxd5 4. c4 Nf6 5. Nc3 Nc6
B13	Caro-Kann Defense: Panov Attack, Modern Defense, Carlsbad Line	1. e4 c6 2. d4 d5 3. exd5 cxd5 4. c4 Nf6 5. Nc3 Nc6 6. Bg5 e6
B13	Caro-Kann Defense: Panov Attack, Modern Defense, Czerniak Line	1. e4 c6 2. d4 d5 3. exd5 cxd5 4. c4 Nf6 5. Nc3 Nc6 6. Bg5 Qa5
B13	Caro-Kann Defense: Panov Attack, Modern Defense, Mieses Line	1. e4 c6 2. d4 d5 3. exd5 cxd5 4. c4 Nf6 5. Nc3 Nc6 6. Nf3 Bg4
B14	Caro-Kann Defense: Panov Attack	1. e4 c6 2. d4 d5 3. exd5 cxd5 4. c4 Nf6 5. Nc3 e6
B14	Caro-Kann Defense: Panov Attack, Fianchetto Defense	1. e4 c6 2. d4 d5 3. exd5 cxd5 4. c4 Nf6 5. Nc3 g6
B14	Caro-Kann Defense: Panov Attack, Fianchetto Defense, Fianchetto Gambit	1. e4 c6 2. d4 d5 3. exd5 cxd5 4. c4 Nf6 5. Nc3 g6 6. cxd5 Bg7
B14	Caro-Kann Defense: Panov Attack, Main Line	1. e4 c6 2. d4 d5 3. exd5 cxd5 4. c4 Nf6 5. Nc3 e6 6. Nf3 Bb4
B15	Caro-Kann Defense	1. e4 c6 2. d4 d5 3. Nc3 dxe4
B15	Caro-Kann Defense: Alekhine Gambit	1. e4 c6 2. d4 d5 3. Nc3 dxe4 4. Nxe4 Nf6 5. Bd3
B15	Caro-Kann Defense: Forgacs Variation	1. e4 c6 2. d4 d5 3. Nc3 dxe4 4. Nxe4 Nf6 5. Nxf6+ exf6 6. Bc4
B15	Caro-Kann Defense: Main Line	1. e4 c6 2. d4 d5 3. Nd2 dxe4 4. Nxe4
B15	Caro-Kann Defense: Tartakower Variation	1. e4 c6 2. d4 d5 3. Nc3 dxe4 4. Nxe4 Nf6 5. Nxf6+ exf6
B17	Caro-Kann Defense: Karpov Variation	1. e4 c6 2. d4 d5 3. Nd2 dxe4 4. Nxe4 Nd7
B17	Caro-Kann Defense: Karpov Variation, Modern Variation	1. e4 c6 2. d4 d5 3. Nd2 dxe4 4. Nxe4 Nd7 5. Ng5
B17	Caro-Kann Defense: Karpov Variation, Modern Variation, Kasparov Attack	1. e4 c6 2. d4 d5 3. Nc3 dxe4 4. Nxe4 Nd7 5. Nf3 Ngf6 6. Ng3
B17	Caro-Kann Defense: Karpov Variation, Tiviakov-Fischer Attack	1. e4 c6 2. d4 d5 3. Nd2 dxe4 4. Nxe4 Nd7 5. Bc4 Ngf6 6. Nxf6+ Nxf6
B18	Caro-Kann Defense: Classical Variation	1. e4 c6 2. d4 d5 3. Nd2 dxe4 4. Nxe4 Bf5
B18	Caro-Kann Defense: Classical Variation, Flohr Variation	1. e4 c6 2. d4 d5 3. Nd2 dxe4 4. Nxe4 Bf5 5. Ng3 Bg6 6. Nh3
B18	Caro-Kann Defense: Classical Variation, Main Line	1. e4 c6 2. d4 d5 3. Nd2 dxe4 4. Nxe4 Bf5 5. Ng3 Bg6 6. h4
B18	Caro-Kann Defense: Classical Variation, Maróczy Attack	1. e4 c6 2. d4 d5 3. Nd2 dxe4 4. Nxe4 Bf5 5. Ng3 Bg6 6. f4
B20	Sicilian Defense: Big Clamp Formation	1. e4 c5 2. d3 Nc6 3. c3 d6 4. f4
B20	Sicilian Defense: Gloria Variation	1. e4 c5 2. c4 d6 3. Nc3 Nc6 4. g3 h5
B20	Sicilian Defense: Wing Gambit, Carlsbad Variation	1. e4 c5 2. b4 cxb4 3. a3 bxa3
B21	Sicilian Defense: McDonnell Attack, Tal Gambit	1. e4 c5 2. f4 d5 3. exd5 Nf6
B21	Sicilian Defense: Morphy Gambit, Andreaschek Gambit	1. e4 c5 2. d4 cxd4 3. Nf3 e5 4. c3
B21	Sicilian Defense: Smith-Morra Gambit Accepted	1. e4 c5 2. d4 cxd4 3. c3 dxc3
B21	Sicilian Defense: Smith-Morra Gambit Accepted, Fianchetto Defense	1. e4 c5 2. d4 cxd4 3. c3 dxc3 4. Nxc3 g6
B21	Sicilian Defense: Smith-Morra Gambit Accepted, Fianchetto Defense	1. e4 c5 2. d4 cxd4 3. c3 dxc3 4. Nxc3 Nc6 5. Nf3 g6
B21	Sicilian Defense: Smith-Morra Gambit Accepted, Kan Formation	1. e4 c5 2. d4 cxd4 3. c3 dxc3 4. Nxc3 e6 5. Nf3 a6
B21	Sicilian Defense: Smith-Morra Gambit Accepted, Morphy Defense	1. e4 c5 2. d4 cxd4 3. c3 dxc3 4. Nxc3 Nc6 5. Nf3 e6 6. Bc4 Bc5
B21	Sicilian Defense: Smith-Morra Gambit Accepted, Paulsen Formation	1. e4 c5 2. d4 cxd4 3. c3 dxc3 4. Nxc3 Nc6 5. Nf3 e6 6. Bc4 a6
B21	Sicilian Defense: Smith-Morra Gambit Accepted, Pin Defense	1. e4 c5 2. d4 cxd4 3. c3 dxc3 4. Nxc3 Nc6 5. Nf3 e6 6. Bc4 Bb4
B21	Sicilian Defense: Smith-Morra Gambit Accepted, Scheveningen Formation	1. e4 c5 2. d4 cxd4 3. c3 dxc3 4. Nxc3 Nc6 5. Nf3 d6 6. Bc4 e6
B21	Sicilian Defense: Smith-Morra Gambit Accepted, Taimanov Formation	1. e4 c5 2. d4 cxd4 3. c3 dxc3 4. Nxc3 e6 5. Bc4 a6 6. Nf3 Ne7
B21	Sicilian Defense: Smith-Morra Gambit Declined, Alapin Formation	1. e4 c5 2. d4 cxd4 3. c3 Nf6
B21	Sicilian Defense: Smith-Morra Gambit Declined, Center Formation	1. e4 c5 2. d4 cxd4 3. c3 e5
B21	Sicilian Defense: Smith-Morra Gambit Declined, Dubois Variation	1. e4 c5 2. d4 cxd4 3. c3 d3 4. c4
B21	Sicilian Defense: Smith-Morra Gambit Declined, Push Variation	1. e4 c5 2. d4 cxd4 3. c3 d3
B21	Sicilian Defense: Smith-Morra Gambit Declined, Scandinavian Formation	1. e4 c5 2. d4 cxd4 3. c3 d5
B21	Sicilian Defense: Smith-Morra Gambit Declined, Wing Formation	1. e4 c5 2. d4 cxd4 3. c3 Qa5
B22	Sicilian Defense: Alapin Variation, Barmen Defense	1. e4 c5 2. c3 d5 3. exd5 Qxd5
B22	Sicilian Defense: Alapin Variation, Barmen Defense	1. e4 c5 2. c3 d5 3. exd5 Qxd5 4. d4 g6 5. Nf3
B22	Sicilian Defense: Alapin Variation, Barmen Defense	1. e4 c5 2. c3 d5 3. exd5 Qxd5 4. d4 Nc6 5. Nf3
B22	Sicilian Defense: Alapin Variation, Barmen Defense, Central Exchange	1. e4 c5 2. c3 d5 3. exd5 Qxd5 4. d4 cxd4 5. cxd4 Nc6 6. Nf3 Bg4
B22	Sicilian Defense: Alapin Variation, Barmen Defense, Modern Line	1. e4 c5 2. c3 d5 3. exd5 Qxd5 4. d4 Nf6 5. Nf3 Bg4
B22	Sicilian Defense: Alapin Variation, Smith-Morra Declined	1. e4 c5 2. c3 Nf6 3. e5 Nd5 4. d4 cxd4
B22	Sicilian Defense: Alapin Variation, Stoltz Attack	1. e4 c5 2. c3 Nf6 3. e5 Nd5 4. Nf3 Nc6 5. Bc4 Nb6 6. Bb3
B22	Sicilian Defense: Delayed Alapin Variation	1. e4 c5 2. Nf3 e6 3. c3 d5 4. exd5 Qxd5 5. d4 Nf6
B22	Sicilian Defense: Heidenfeld Variation	1. e4 c5 2. c3 Nf6 3. e5 Nd5 4. Nf3 Nc6 5. Na3
B23	Sicilian Defense: Closed, Carlsen Variation	1. e4 c5 2. Nc3 d6 3. d4 cxd4 4. Qxd4 Nc6 5. Qd2
B23	Sicilian Defense: Closed, Korchnoi Defense	1. e4 c5 2. Nc3 e6 3. g3 d5
B23	Sicilian Defense: Closed, Portland Attack	1. e4 c5 2. Nc3 Nc6 3. d3 g6 4. g4
B24	Sicilian Defense: Closed	1. e4 c5 2. Nc3 Nc6 3. g3 g6
B24	Sicilian Defense: Closed	1. e4 c5 2. Nc3 Nc6 3. g3 g6 4. Bg2 Bg7
B25	Sicilian Defense: Closed	1. e4 c5 2. Nc3 Nc6 3. g3 g6 4. Bg2 Bg7 5. d3 d6
B25	Sicilian Defense: Closed	1. e4 c5 2. Nc3 Nc6 3. g3 g6 4. Bg2 Bg7 5. d3 d6 6. f4
B25	Sicilian Defense: Closed, Botvinnik Defense, with Nge2	1. e4 c5 2. Nc3 Nc6 3. g3 g6 4. Bg2 Bg7 5. d3 d6 6. Nge2 e5
B25	Sicilian Defense: Closed, Botvinnik Defense, with f4	1. e4 c5 2. Nc3 Nc6 3. g3 g6 4. Bg2 Bg7 5. d3 d6 6. f4 e5
B26	Sicilian Defense: Closed	1. e4 c5 2. Nc3 Nc6 3. g3 g6 4. Bg2 Bg7 5. d3 d6 6. Be3
B27	Pterodactyl Defense: Sicilian, Pteranodon	1. e4 c5 2. Nf3 g6 3. d4 Bg7 4. dxc5 Qa5+ 5. Nc3 Bxc3+ 6. bxc3
B27	Pterodactyl Defense: Sicilian, Rhamphorhynchus	1. e4 c5 2. Nf3 g6 3. d4 Bg7 4. dxc5 Qa5+ 5. Nc3
B27	Pterodactyl Defense: Sicilian, Unpin	1. e4 c5 2. Nf3 g6 3. d4 Bg7 4. Nc3 Qa5 5. Bd2
B27	Sicilian Defense: Hyperaccelerated Pterodactyl, Exchange Variation	1. e4 c5 2. Nf3 g6 3. d4 Bg7 4. dxc5 Qa5+ 5. Nc3 Bxc3+ 6. bxc3 Qxc3+
B28	Sicilian Defense: O'Kelly Variation, Normal System, Cortlever Gambit	1. e4 c5 2. Nf3 a6 3. d4 cxd4 4. Bc4
B28	Sicilian Defense: O'Kelly Variation, Normal System, Smith-Morra Line	1. e4 c5 2. Nf3 a6 3. d4 cxd4 4. c3
B28	Sicilian Defense: O'Kelly Variation, Normal System, Taimanov Line	1. e4 c5 2. Nf3 a6 3. d4 cxd4 4. Nxd4 e5
B28	Sicilian Defense: O'Kelly Variation, Normal System, Zagorovsky Line	1. e4 c5 2. Nf3 a6 3. d4 cxd4 4. Qxd4
B30	Sicilian Defense: Closed, Anti-Sveshnikov Variation	1. e4 c5 2. Nf3 Nc6 3. Nc3 e5
B30	Sicilian Defense: Closed, Anti-Sveshnikov Variation, Kharlov-Kramnik Line	1. e4 c5 2. Nf3 Nc6 3. Nc3 e5 4. Bc4 Be7 5. d3 d6 6. Nd2 Bg5
B30	Sicilian Defense: Closed, Anti-Sveshnikov Variation, with Nf6	1. e4 c5 2. Nf3 Nc6 3. Nc3 e5 4. Bc4 Be7 5. d3 Nf6
B30	Sicilian Defense: Closed, Anti-Sveshnikov Variation, with d6	1. e4 c5 2. Nf3 Nc6 3. Nc3 e5 4. Bc4 Be7 5. d3 d6
B30	Sicilian Defense: Nyezhmetdinov-Rossolimo Attack, San Francisco Gambit	1. e4 c5 2. Nf3 Nc6 3. Bb5 Na5 4. b4
B31	Sicilian Defense: Nyezhmetdinov-Rossolimo Attack, Fianchetto Variation	1. e4 c5 2. Nf3 Nc6 3. Bb5 g6
B31	Sicilian Defense: Nyezhmetdinov-Rossolimo Attack, Fianchetto Variation, Gufeld Gambit	1. e4 c5 2. Nf3 Nc6 3. Bb5 g6 4. O-O Bg7 5. c3 e5 6. d4
B31	Sicilian Defense: Nyezhmetdinov-Rossolimo Attack, Fianchetto Variation, Lutikov Gambit	1. e4 c5 2. Nf3 Nc6 3. Bb5 g6 4. O-O Bg7 5. c3 Nf6 6. d4
B31	Sicilian Defense: Nyezhmetdinov-Rossolimo Attack, Fianchetto Variation, Totsky Attack	1. e4 c5 2. Nf3 Nc6 3. Bb5 g6 4. O-O Bg7 5. c3 Nf6 6. Qa4
B31	Sicilian Defense: Nyezhmetdinov-Rossolimo Attack, Gurgenidze Variation	1. e4 c5 2. Nf3 Nc6 3. Bb5 g6 4. O-O Bg7 5. Re1 e5 6. b4
B32	Sicilian Defense: Accelerated Dragon	1. e4 c5 2. Nf3 Nc6 3. d4 cxd4 4. Nxd4 g6
B32	Sicilian Defense: Flohr Variation	1. e4 c5 2. Nf3 Nc6 3. d4 cxd4 4. Nxd4 Qc7
B32	Sicilian Defense: Kalashnikov Variation	1. e4 c5 2. Nf3 Nc6 3. d4 cxd4 4. Nxd4 e5 5. Nb5 d6
B32	Sicilian Defense: Löwenthal Variation	1. e4 c5 2. Nf3 Nc6 3. d4 cxd4 4. Nxd4 e5
B32	Sicilian Defense: Open	1. e4 c5 2. Nf3 Nc6 3. d4 cxd4
B32	Sicilian Defense: Open	1. e4 c5 2. Nf3 Nc6 3. d4 cxd4 4. Nxd4
B33	Sicilian Defense: Lasker-Pelikan Variation, Exchange Variation	1. e4 c5 2. Nf3 Nc6 3. d4 cxd4 4. Nxd4 Nf6 5. Nc3 e5 6. Nxc6
B33	Sicilian Defense: Lasker-Pelikan Variation, Retreat Variation	1. e4 c5 2. Nf3 Nc6 3. d4 cxd4 4. Nxd4 Nf6 5. Nc3 e5 6. Nf3
B33	Sicilian Defense: Lasker-Pelikan Variation, Schlechter Variation	1. e4 c5 2. Nf3 Nc6 3. d4 cxd4 4. Nxd4 Nf6 5. Nc3 e5 6. Nb3
B34	Sicilian Defense: Accelerated Dragon, Exchange Variation	1. e4 c5 2. Nf3 Nc6 3. d4 cxd4 4. Nxd4 g6 5. Nxc6
B34	Sicilian Defense: Accelerated Dragon, Modern Variation	1. e4 c5 2. Nf3 Nc6 3. d4 cxd4 4. Nxd4 g6 5. Nc3
B40	Sicilian Defense: French Variation, Normal	1. e4 c5 2. Nf3 e6 3. d4 cxd4 4. Nxd4 Nf6
B40	Sicilian Defense: French Variation, Open	1. e4 c5 2. Nf3 e6 3. d4 cxd4
B40	Sicilian Defense: Kan Variation, Wing Attack, Fianchetto Variation	1. e4 c5 2. Nf3 e6 3. Nc3 a6 4. g3 b5 5. d4 cxd4 6. Nxd4
B40	Sicilian Defense: Smith-Morra Gambit Deferred	1. e4 c5 2. Nf3 e6 3. d4 cxd4 4. c3
B41	Sicilian Defense: Kan Variation	1. e4 c5 2. Nf3 e6 3. d4 cxd4 4. Nxd4 a6
B41	Sicilian Defense: Kan Variation, Maróczy Bind, Réti Variation	1. e4 c5 2. Nf3 e6 3. d4 cxd4 4. Nxd4 a6 5. c4
B42	Sicilian Defense: Kan Variation, Modern Variation	1. e4 c5 2. Nf3 e6 3. d4 cxd4 4. Nxd4 a6 5. Bd3
B42	Sicilian Defense: Kan Variation, Polugaevsky Variation	1. e4 c5 2. Nf3 e6 3. d4 cxd4 4. Nxd4 a6 5. Bd3 Bc5
B43	Sicilian Defense: Kan Variation, Knight Variation	1. e4 c5 2. Nf3 e6 3. d4 cxd4 4. Nxd4 a6 5. Nc3
B43	Sicilian Defense: Kan Variation, Wing Attack	1. e4 c5 2. Nf3 e6 3. d4 cxd4 4. Nxd4 a6 5. Nc3 b5
B44	Sicilian Defense: Taimanov Variation	1. e4 c5 2. Nf3 e6 3. d4 cxd4 4. Nxd4 Nc6
B44	Sicilian Defense: Taimanov Variation, Szén Variation	1. e4 c5 2. Nf3 e6 3. d4 cxd4 4. Nxd4 Nc6 5. Nb5
B45	Sicilian Defense: Four Knights Variation, Exchange Variation	1. e4 c5 2. Nf3 e6 3. d4 cxd4 4. Nxd4 Nc6 5. Nc3 Nf6 6. Nxc6
B45	Sicilian Defense: Four Knights Variation, Sveshnikov Transfer	1. e4 c5 2. Nf3 e6 3. d4 cxd4 4. Nxd4 Nc6 5. Nc3 Nf6 6. Ndb5 d6
B45	Sicilian Defense: Taimanov Variation	1. e4 c5 2. Nf3 e6 3. d4 cxd4 4. Nxd4 Nc6 5. Nc3
B47	Sicilian Defense: Taimanov Variation, Bastrikov Variation	1. e4 c5 2. Nf3 e6 3. d4 cxd4 4. Nxd4 Nc6 5. Nc3 Qc7
B50	Sicilian Defense: Modern Variations, Anti-Qxd4 Move Order	1. e4 c5 2. Nf3 d6 3. d4 Nf6
B50	Sicilian Defense: Modern Variations, Anti-Qxd4 Move Order Accepted	1. e4 c5 2. Nf3 d6 3. d4 Nf6 4. dxc5 Nxe4
B50	Sicilian Defense: Modern Variations, Tartakower	1. e4 c5 2. Nf3 d6 3. d4 cxd4 4. c3
B51	Sicilian Defense: Moscow Variation, Dorfman Gambit	1. e4 c5 2. Nf3 d6 3. Bb5+ Nc6 4. O-O Bd7 5. Qe2 g6 6. e5
B52	Sicilian Defense: Moscow Variation, Main Line	1. e4 c5 2. Nf3 d6 3. Bb5+ Bd7
B52	Sicilian Defense: Moscow Variation, Sokolsky Variation	1. e4 c5 2. Nf3 d6 3. Bb5+ Bd7 4. Bxd7+ Qxd7 5. c4
B53	Sicilian Defense: Chekhover Variation	1. e4 c5 2. Nf3 d6 3. d4 cxd4 4. Qxd4
B53	Sicilian Defense: Chekhover Variation, Zaitsev Defense	1. e4 c5 2. Nf3 d6 3. d4 cxd4 4. Qxd4 Nc6 5. Bb5 Qd7
B54	Sicilian Defense: Modern Variations, Ginsberg Gambit	1. e4 c5 2. Nf3 d6 3. d4 cxd4 4. Nxd4 Nf6 5. Bc4
B54	Sicilian Defense: Modern Variations, Main Line	1. e4 c5 2. Nf3 d6 3. d4 cxd4 4. Nxd4 Nf6
B54	Sicilian Defense: Prins Variation	1. e4 c5 2. Nf3 d6 3. d4 cxd4 4. Nxd4 Nf6 5. f3
B55	Sicilian Defense: Prins Variation, Venice Attack	1. e4 c5 2. Nf3 d6 3. d4 cxd4 4. Nxd4 Nf6 5. f3 e5 6. Bb5+
B56	Sicilian Defense: Classical Variation, Fianchetto Variation	1. e4 c5 2. Nf3 d6 3. d4 cxd4 4. Nxd4 Nf6 5. Nc3 Nc6 6. g3
B56	Sicilian Defense: Spielmann Variation	1. e4 c5 2. Nf3 Nc6 3. d4 cxd4 4. Nxd4 Nf6 5. Nc3 d6 6. Nde2
B57	Sicilian Defense: Classical Variation, Anti-Sozin Variation	1. e4 c5 2. Nf3 Nc6 3. d4 cxd4 4. Nxd4 Nf6 5. Nc3 d6 6. Bc4 Qb6
B57	Sicilian Defense: Classical Variation, Sozin Attack	1. e4 c5 2. Nf3 d6 3. d4 cxd4 4. Nxd4 Nf6 5. Nc3 Nc6 6. Bc4
B58	Sicilian Defense: Boleslavsky Variation	1. e4 c5 2. Nf3 d6 3. d4 cxd4 4. Nxd4 Nf6 5. Nc3 Nc6 6. Be2 e5
B58	Sicilian Defense: Classical Variation	1. e4 c5 2. Nf3 d6 3. d4 cxd4 4. Nxd4 Nf6 5. Nc3 Nc6 6. Be2
B70	Sicilian Defense: Dragon Variation, Classical Variation	1. e4 c5 2. Nf3 d6 3. d4 cxd4 4. Nxd4 Nf6 5. Nc3 g6 6. Be2
B70	Sicilian Defense: Dragon Variation, Fianchetto Variation	1. e4 c5 2. Nf3 d6 3. d4 cxd4 4. Nxd4 Nf6 5. Nc3 g6 6. g3
B71	Sicilian Defense: Dragon Variation, Levenfish Variation	1. e4 c5 2. Nf3 d6 3. d4 cxd4 4. Nxd4 Nf6 5. Nc3 g6 6. f4
B80	Sicilian Defense: Scheveningen Variation, Fianchetto Variation	1. e4 c5 2. Nf3 e6 3. d4 cxd4 4. Nxd4 Nf6 5. Nc3 d6 6. g3
B80	Sicilian Defense: Scheveningen Variation, Vitolins Variation	1. e4 c5 2. Nf3 e6 3. d4 cxd4 4. Nxd4 Nf6 5. Nc3 d6 6. Bb5+
B86	Sicilian Defense: Sozin Attack	1. e4 c5 2. Nf3 e6 3. d4 cxd4 4. Nxd4 Nf6 5. Nc3 d6 6. Bc4
B88	Sicilian Defense: Sozin Attack, Leonhardt Variation	1. e4 c5 2. Nf3 Nc6 3. d4 cxd4 4. Nxd4 Nf6 5. Nc3 d6 6. Bc4 e6
B90	Sicilian Defense: Najdorf Variation	1. e4 c5 2. Nf3 d6 3. d4 cxd4 4. Nxd4 Nf6 5. Nc3 a6
B90	Sicilian Defense: Najdorf Variation, Adams Attack	1. e4 c5 2. Nf3 d6 3. d4 cxd4 4. Nxd4 Nf6 5. Nc3 a6 6. h3
B90	Sicilian Defense: Najdorf Variation, English Attack	1. e4 c5 2. Nf3 d6 3. d4 cxd4 4. Nxd4 Nf6 5. Nc3 a6 6. Be3
B90	Sicilian Defense: Najdorf Variation, English Attack, Anti-English	1. e4 c5 2. Nf3 d6 3. d4 cxd4 4. Nxd4 Nf6 5. Nc3 a6 6. Be3 Ng4
B90	Sicilian Defense: Najdorf Variation, Lipnitsky Attack	1. e4 c5 2. Nf3 d6 3. d4 cxd4 4. Nxd4 Nf6 5. Nc3 a6 6. Bc4
B90	Sicilian Defense: Najdorf Variation, Petronić Attack	1. e4 c5 2. Nf3 d6 3. d4 cxd4 4. Nxd4 Nf6 5. Nc3 a6 6. Rg1
B90	Sicilian Defense: Najdorf Variation, Yates Variation	1. e4 c5 2. Nf3 d6 3. d4 cxd4 4. Nxd4 Nf6 5. Nc3 a6 6. Bd3
B91	Sicilian Defense: Najdorf Variation, Zagreb Variation	1. e4 c5 2. Nf3 d6 3. d4 cxd4 4. Nxd4 Nf6 5. Nc3 a6 6. g3
B92	Sicilian Defense: Najdorf Variation, Opocensky Variation	1. e4 c5 2. Nf3 d6 3. d4 cxd4 4. Nxd4 Nf6 5. Nc3 a6 6. Be2
B93	Sicilian Defense: Najdorf Variation, Amsterdam Variation	1. e4 c5 2. Nf3 d6 3. d4 cxd4 4. Nxd4 Nf6 5. Nc3 a6 6. f4
B94	Sicilian Defense: Najdorf Variation	1. e4 c5 2. Nf3 d6 3. d4 cxd4 4. Nxd4 Nf6 5. Nc3 a6 6. Bg5
B95	Sicilian Defense: Najdorf Variation	1. e4 c5 2. Nf3 d6 3. d4 cxd4 4. Nxd4 Nf6 5. Nc3 a6 6. Bg5 e6
C00	French Defense: Reversed Philidor Formation	1. e4 e6 2. d3 d5 3. Nd2 Nf6 4. Ngf3 Nc6 5. Be2
C00	French Defense: Wing Gambit	1. e4 e6 2. Nf3 d5 3. e5 c5 4. b4
C01	French Defense: Exchange Variation	1. e4 e6 2. d4 d5 3. exd5 exd5 4. Nf3
C01	French Defense: Exchange Variation	1. e4 e6 2. d4 d5 3. exd5 exd5 4. Nc3
C01	French Defense: Exchange Variation, Bogoljubow Variation	1. e4 e6 2. d4 d5 3. exd5 exd5 4. Nc3 Nf6 5. Bg5 Nc6
C01	French Defense: Exchange Variation, Monte Carlo Variation	1. e4 e6 2. d4 d5 3. exd5 exd5 4. c4
C01	French Defense: Exchange Variation, Svenonius Variation	1. e4 e6 2. d4 d5 3. Nc3 Nf6 4. exd5 exd5 5. Bg5
C02	French Defense: Advance Variation	1. e4 e6 2. d4 d5 3. e5 c5
C02	French Defense: Advance Variation	1. e4 e6 2. d4 d5 3. e5 c5 4. c3
C02	French Defense: Advance Variation	1. e4 e6 2. d4 d5 3. e5 c5 4. c3 Nc6
C02	French Defense: Advance Variation, Euwe Variation	1. e4 e6 2. d4 d5 3. e5 c5 4. c3 Nc6 5. Nf3 Bd7
C02	French Defense: Advance Variation, Extended Bishop Swap	1. e4 e6 2. d4 d5 3. e5 Bd7
C02	French Defense: Advance Variation, Kupreichik Variation	1. e4 e6 2. d4 d5 3. e5 c5 4. c3 Nc6 5. Be3
C02	French Defense: Advance Variation, Main Line	1. e4 e6 2. d4 d5 3. e5 c5 4. c3 Nc6 5. Nf3 Qb6 6. a3
C02	French Defense: Advance Variation, Milner-Barry Gambit	1. e4 e6 2. d4 d5 3. e5 c5 4. c3 Nc6 5. Nf3 Qb6 6. Bd3
C02	French Defense: Advance Variation, Nimzowitsch System	1. e4 e6 2. d4 d5 3. e5 c5 4. Nf3
C02	French Defense: Advance Variation, Paulsen Attack	1. e4 e6 2. d4 d5 3. e5 c5 4. c3 Nc6 5. Nf3
C02	French Defense: Advance Variation, Ruisdonk Gambit	1. e4 e6 2. d4 d5 3. e5 c5 4. Nf3 cxd4 5. Bd3
C02	French Defense: Advance Variation, Wade Variation	1. e4 e6 2. d4 d5 3. e5 c5 4. c3 Qb6 5. Nf3 Bd7
C03	French Defense: Tarrasch Variation, Modern System	1. e4 e6 2. d4 d5 3. Nd2 a6
C03	French Defense: Tarrasch Variation, Morozevich Variation	1. e4 e6 2. d4 d5 3. Nd2 Be7
C05	French Defense: Tarrasch Variation, Pawn Center Variation	1. e4 e6 2. d4 d5 3. Nd2 Nf6 4. e5 Nfd7 5. f4
C07	French Defense: Tarrasch Variation, Chistyakov Defense	1. e4 e6 2. d4 d5 3. Nd2 c5 4. exd5 Qxd5
C07	French Defense: Tarrasch Variation, Eliskases Variation	1. e4 e6 2. d4 d5 3. Nd2 c5 4. exd5 Qxd5 5. Ngf3 cxd4 6. Bc4 Qd8
C07	French Defense: Tarrasch Variation, Open System	1. e4 e6 2. d4 d5 3. Nd2 c5
C07	French Defense: Tarrasch Variation, Open System, Euwe-Keres Line	1. e4 e6 2. d4 d5 3. Nd2 c5 4. Ngf3
C07	French Defense: Tarrasch Variation, Open System, Süchting Line	1. e4 e6 2. d4 d5 3. Nd2 c5 4. c3
C08	French Defense: Tarrasch Variation, Open System	1. e4 e6 2. d4 d5 3. Nd2 c5 4. exd5 exd5
C09	French Defense: Tarrasch Variation, Open System, Main Line	1. e4 e6 2. d4 d5 3. Nd2 c5 4. exd5 exd5 5. Ngf3 Nc6
C10	French Defense: Rubinstein Variation	1. e4 e6 2. d4 d5 3. Nc3 dxe4
C10	French Defense: Rubinstein Variation, Blackburne Defense	1. e4 e6 2. d4 d5 3. Nc3 dxe4 4. Nxe4 Nd7
C11	French Defense: Classical Variation	1. e4 e6 2. d4 d5 3. Nc3 Nf6
C11	French Defense: Classical Variation	1. e4 e6 2. d4 d5 3. Nc3 Nf6 4. Bg5
C11	French Defense: Classical Variation, Burn Variation	1. e4 e6 2. d4 d5 3. Nc3 Nf6 4. Bg5 dxe4
C11	French Defense: Classical Variation, Burn Variation, Morozevich Line	1. e4 e6 2. d4 d5 3. Nc3 Nf6 4. Bg5 dxe4 5. Nxe4 Be7 6. Bxf6 gxf6
C11	French Defense: Classical Variation, Delayed Exchange Variation	1. e4 e6 2. d4 d5 3. Nc3 Nf6 4. exd5
C11	French Defense: Classical Variation, Shirov-Anand Variation	1. e4 e6 2. d4 d5 3. Nc3 Nf6 4. e5 Nfd7 5. Nce2
C11	French Defense: Classical Variation, Steinitz Variation	1. e4 e6 2. d4 d5 3. Nc3 Nf6 4. e5
C11	French Defense: Classical Variation, Swiss Variation	1. e4 e6 2. d4 d5 3. Nc3 Nf6 4. Bd3
C11	French Defense: Steinitz Variation	1. e4 e6 2. d4 d5 3. Nc3 a6 4. Nf3 Nf6 5. e5 Nfd7 6. a3
C11	French Defense: Steinitz Variation	1. e4 e6 2. d4 d5 3. Nc3 Nf6 4. e5 Nfd7 5. f4 c5 6. dxc5 Nc6
C11	French Defense: Steinitz Variation	1. e4 e6 2. d4 d5 3. Nc3 Nf6 4. e5 Nfd7 5. f4 c5 6. Nf3
C11	French Defense: Steinitz Variation, Gledhill Attack	1. e4 e6 2. d4 d5 3. Nc3 Nf6 4. e5 Nfd7 5. Qg4
C12	French Defense: McCutcheon Variation, Bernstein Variation	1. e4 e6 2. d4 d5 3. Nc3 Nf6 4. Bg5 Bb4 5. e5 h6 6. Bh4
C12	French Defense: McCutcheon Variation, Chigorin Variation	1. e4 e6 2. d4 d5 3. Nc3 Nf6 4. Bg5 Bb4 5. e5 h6 6. exf6
C12	French Defense: McCutcheon Variation, Dr. Olland Variation	1. e4 e6 2. d4 d5 3. Nc3 Nf6 4. Bg5 Bb4 5. e5 h6 6. Bc1
C12	French Defense: McCutcheon Variation, Exchange Variation	1. e4 e6 2. d4 d5 3. Nc3 Nf6 4. Bg5 Bb4 5. exd5
C13	French Defense: Classical Variation	1. e4 e6 2. d4 d5 3. Nc3 Nf6 4. Bg5 dxe4 5. Nxe4 Be7
C13	French Defense: Classical Variation, Richter Attack	1. e4 e6 2. d4 d5 3. Nc3 Nf6 4. Bg5 Be7 5. Bxf6
C14	French Defense: Classical Variation	1. e4 e6 2. d4 d5 3. Nc3 a6 4. Nf3 Nf6 5. e5 Nfd7 6. Bg5
C14	French Defense: Classical Variation	1. e4 e6 2. d4 d5 3. Nc3 Nf6 4. Bg5 Be7 5. e5 Nfd7 6. Bxe7 Qxe7
C15	French Defense: McCutcheon Variation, Wolf Gambit	1. e4 e6 2. d4 d5 3. Nc3 Bb4 4. Ne2 Nf6 5. Bg5
C15	French Defense: Winawer Variation, Alekhine Gambit Accepted	1. e4 e6 2. d4 d5 3. Nc3 Bb4 4. Ne2 dxe4 5. a3 Bxc3+
C15	French Defense: Winawer Variation, Alekhine Gambit, Kan Variation	1. e4 e6 2. d4 d5 3. Nc3 Bb4 4. Ne2 dxe4 5. a3 Bxc3+ 6. Nxc3 Nc6
C15	French Defense: Winawer Variation, Alekhine-Maróczy Gambit	1. e4 e6 2. d4 d5 3. Nc3 Bb4 4. Ne2
C15	French Defense: Winawer Variation, Delayed Exchange Variation	1. e4 e6 2. d4 d5 3. Nc3 Bb4 4. exd5
C15	French Defense: Winawer Variation, Exchange Variation, Canal Attack	1. e4 e6 2. d4 d5 3. Nc3 Bb4 4. exd5 exd5 5. Bd3 Ne7 6. Qh5
C15	French Defense: Winawer Variation, Fingerslip Variation	1. e4 e6 2. d4 d5 3. Nc3 Bb4 4. Bd2
C15	French Defense: Winawer Variation, Fingerslip Variation, Kunin Double Gambit	1. e4 e6 2. d4 d5 3. Nc3 Bb4 4. Bd2 dxe4 5. Qg4 Qxd4
C15	French Defense: Winawer Variation, Fingerslip Variation, Schwarz's Line	1. e4 e6 2. d4 d5 3. Nc3 Bb4 4. Bd2 Ne7 5. Nb1
C15	French Defense: Winawer Variation, Kondratiyev Variation	1. e4 e6 2. d4 d5 3. Nc3 Bb4 4. Bd3 c5 5. exd5 Qxd5 6. Bd2
C17	French Defense: Winawer Variation, Advance Variation, Moscow Variation	1. e4 e6 2. d4 d5 3. Nc3 Bb4 4. e5 c5 5. Qg4
C17	French Defense: Winawer Variation, Bogoljubow Variation	1. e4 e6 2. d4 d5 3. Nc3 Bb4 4. e5 c5 5. Bd2
C17	French Defense: Winawer Variation, Bogoljubow Variation, Icelandic Defense	1. e4 e6 2. d4 d5 3. Nc3 Bb4 4. e5 c5 5. Bd2 Ne7 6. f4
C21	Center Game: Lanc-Arnold Gambit	1. e4 e5 2. d4 exd4 3. Nf3 Bc5 4. c3
C21	Center Game: Lanc-Arnold Gambit, Schippler Gambit	1. e4 e5 2. d4 exd4 3. Nf3 Bc5 4. c3 dxc3 5. Bc4
C21	Danish Gambit Accepted	1. e4 e5 2. d4 exd4 3. c3 dxc3
C21	Danish Gambit Accepted: Chigorin Defense	1. e4 e5 2. d4 exd4 3. c3 dxc3 4. Bc4 cxb2 5. Bxb2 Qe7
C21	Danish Gambit Accepted: Svenonius Defense	1. e4 e5 2. d4 exd4 3. c3 Ne7
C21	Danish Gambit Declined: Sörensen Defense	1. e4 e5 2. d4 exd4 3. c3 d5
C22	Center Game: Berger Variation	1. e4 e5 2. d4 exd4 3. Qxd4 Nc6 4. Qe3 Nf6
C22	Center Game: Charousek Variation	1. e4 e5 2. d4 exd4 3. Qxd4 Nc6 4. Qe3 Bb4+ 5. c3 Be7
C22	Center Game: Hall Variation	1. e4 e5 2. d4 exd4 3. Qxd4 Nc6 4. Qc4
C22	Center Game: Normal Variation	1. e4 e5 2. d4 exd4 3. Qxd4 Nc6
C22	Center Game: Paulsen Attack Variation	1. e4 e5 2. d4 exd4 3. Qxd4 Nc6 4. Qe3
C22	Center Game: l'Hermet Variation	1. e4 e5 2. d4 exd4 3. Qxd4 Nc6 4. Qe3 f5
C23	Bishop's Opening: Lewis Countergambit	1. e4 e5 2. Bc4 Bc5 3. c3 d5
C23	Bishop's Opening: Lewis Countergambit	1. e4 e5 2. Bc4 Bc5 3. c3 d5 4. Bxd5 Nf6
C23	Bishop's Opening: Lewis Countergambit, Walker Variation	1. e4 e5 2. Bc4 Bc5 3. c3 d5 4. Bxd5 Nf6 5. d4
C23	Bishop's Opening: McDonnell Gambit, La Bourdonnais-Denker Gambit	1. e4 e5 2. Bc4 Bc5 3. b4 Bxb4 4. c3
C24	Bishop's Opening: Paulsen Defense	1. e4 e5 2. Bc4 Nf6 3. d3 c6
C24	Bishop's Opening: Urusov Gambit, Panov Variation	1. e4 e5 2. Bc4 Nf6 3. d4 exd4 4. Nf3 d5 5. exd5 Bb4+ 6. c3 Qe7+
C24	Bishop's Opening: Vienna Hybrid	1. e4 e5 2. Bc4 Nf6 3. d3 Nc6 4. Nc3
C25	Vienna Gambit, with Max Lange Defense: Cunningham Defense	1. e4 e5 2. Nc3 Nc6 3. f4 exf4 4. Nf3 Be7
C25	Vienna Gambit, with Max Lange Defense: Quelle Gambit	1. e4 e5 2. Nc3 Nc6 3. f4 Bc5 4. fxe5 d6
C25	Vienna Gambit, with Max Lange Defense: Steinitz Gambit, Fraser-Minckwitz Defense	1. e4 e5 2. Nc3 Nc6 3. f4 exf4 4. d4 Qh4+ 5. Ke2 b6
C25	Vienna Gambit, with Max Lange Defense: Steinitz Gambit, Main Line	1. e4 e5 2. Nc3 Nc6 3. f4 exf4 4. d4 Qh4+ 5. Ke2
C25	Vienna Gambit, with Max Lange Defense: Steinitz Gambit, Paulsen Defense	1. e4 e5 2. Nc3 Nc6 3. f4 exf4 4. d4 Qh4+ 5. Ke2 d6
C25	Vienna Gambit, with Max Lange Defense: Steinitz Gambit, Sörensen Defense	1. e4 e5 2. Nc3 Nc6 3. f4 exf4 4. d4 Qh4+ 5. Ke2 g5
C25	Vienna Gambit, with Max Lange Defense: Steinitz Gambit, Zukertort Defense	1. e4 e5 2. Nc3 Nc6 3. f4 exf4 4. d4 Qh4+ 5. Ke2 d5
C25	Vienna Game: Paulsen Variation, Mariotti Gambit	1. e4 e5 2. Nc3 Nc6 3. g3 Bc5 4. Bg2 h5 5. Nf3 h4
C25	Vienna Game: Zhuravlev Countergambit	1. e4 e5 2. Nc3 Bb4 3. Qg4 Nf6
C26	Bishop's Opening: Vienna Hybrid, Spielmann Attack	1. e4 e5 2. Nc3 Nf6 3. Bc4 Bc5 4. d3
C26	Vienna Game: Mieses Variation, Erben Gambit	1. e4 e5 2. Nc3 Nf6 3. g3 d5 4. exd5 c6
C26	Vienna Game: Stanley Variation, Reversed Spanish	1. e4 e5 2. Nc3 Nf6 3. Bc4 Bb4
C27	Bishop's Opening: Boden-Kieseritzky Gambit	1. e4 e5 2. Nf3 Nf6 3. Bc4 Nxe4 4. Nc3
C27	Bishop's Opening: Boden-Kieseritzky Gambit, Lichtenhein Defense	1. e4 e5 2. Nf3 Nf6 3. Bc4 Nxe4 4. Nc3 d5
C27	Vienna Game: Frankenstein-Dracula Variation	1. e4 e5 2. Nc3 Nf6 3. Bc4 Nxe4
C27	Vienna Game: Stanley Variation, Monster Declined	1. e4 e5 2. Nc3 Nf6 3. Bc4 Nxe4 4. Qh5 Nd6 5. Bb3 Be7
C28	Bishop's Opening: Vienna Hybrid, Hromádka Variation	1. e4 e5 2. Nc3 Nc6 3. Bc4 Nf6 4. d3 Bb4 5. Ne2
C28	Vienna Game: Stanley Variation, Three Knights Variation	1. e4 e5 2. Nc3 Nc6 3. Bc4 Nf6
C29	Vienna Game: Heyde Variation	1. e4 e5 2. Nc3 Nf6 3. f4 d5 4. fxe5 Nxe4 5. Qf3 f5 6. d4
C29	Vienna Game: Vienna Gambit, Bardeleben Variation	1. e4 e5 2. Nc3 Nf6 3. f4 d5 4. fxe5 Nxe4 5. Qf3 f5
C29	Vienna Game: Vienna Gambit, Breyer Variation	1. e4 e5 2. Nc3 Nf6 3. f4 d5 4. fxe5 Nxe4 5. Nf3 Be7
C29	Vienna Game: Vienna Gambit, Kaufmann Variation	1. e4 e5 2. Nc3 Nf6 3. f4 d5 4. fxe5 Nxe4 5. Nf3 Bg4 6. Qe2
C29	Vienna Game: Vienna Gambit, Main Line	1. e4 e5 2. Nc3 Nf6 3. f4 d5
C29	Vienna Game: Vienna Gambit, Paulsen Attack	1. e4 e5 2. Nc3 Nf6 3. f4 d5 4. fxe5 Nxe4 5. Qf3
C30	King's Gambit Declined: Classical Variation	1. e4 e5 2. f4 Bc5 3. Nf3 d6 4. c3
C30	King's Gambit Declined: Classical Variation, Euwe Attack	1. e4 e5 2. f4 Bc5 3. Nf3 d6 4. c3 Bg4 5. fxe5 dxe5 6. Qa4+
C30	King's Gambit Declined: Classical Variation, Rubinstein Countergambit	1. e4 e5 2. f4 Bc5 3. Nf3 d6 4. c3 f5
C30	King's Gambit Declined: Classical, Soldatenkov Variation	1. e4 e5 2. f4 Bc5 3. Nf3 d6 4. fxe5
C30	King's Gambit Declined: Panteldakis Countergambit, Symmetrical Variation	1. e4 e5 2. f4 f5 3. exf5 exf4 4. Nf3 d5 5. d4 Bd6 6. Bd3
C31	King's Gambit Declined: Falkbeer Countergambit, Anderssen Attack	1. e4 e5 2. f4 d5 3. exd5 e4 4. Bb5+
C31	King's Gambit Declined: Falkbeer Countergambit, Charousek Gambit	1. e4 e5 2. f4 d5 3. exd5 e4 4. d3
C31	King's Gambit Declined: Falkbeer Countergambit, Charousek Gambit, Morphy Defense	1. e4 e5 2. Nc3 Nf6 3. f4 d5 4. exd5 e4 5. d3 Bb4 6. Bd2 e3
C31	King's Gambit Declined: Falkbeer Countergambit, Modern Transfer	1. e4 e5 2. f4 d5 3. exd5 exf4
C32	King's Gambit Declined: Falkbeer Countergambit, Charousek Gambit	1. e4 e5 2. f4 d5 3. exd5 e4 4. d3 Nf6 5. dxe4 Nxe4 6. Qe2
C32	King's Gambit Declined: Falkbeer Countergambit, Charousek Gambit, Keres Variation	1. e4 e5 2. f4 d5 3. exd5 e4 4. d3 Nf6 5. Nd2
C32	King's Gambit Declined: Falkbeer Countergambit, Charousek Gambit, Old Line	1. e4 e5 2. f4 d5 3. exd5 e4 4. d3 Nf6 5. Qe2
C33	King's Gambit Accepted: Bishop's Gambit, Anderssen Variation	1. e4 e5 2. f4 exf4 3. Bc4 d5 4. Bxd5 c6
C33	King's Gambit Accepted: Bishop's Gambit, Bledow Countergambit	1. e4 e5 2. f4 exf4 3. Bc4 d5 4. Bxd5 Nf6
C33	King's Gambit Accepted: Bishop's Gambit, Boden Variation	1. e4 e5 2. f4 exf4 3. Bc4 Qh4+ 4. Kf1 Nc6
C33	King's Gambit Accepted: Bishop's Gambit, Bogoljubow Defense	1. e4 e5 2. f4 exf4 3. Bc4 Nf6 4. Nc3 c6
C33	King's Gambit Accepted: Bishop's Gambit, Bogoljubow Variation	1. e4 e5 2. f4 exf4 3. Bc4 Nf6 4. Nc3
C33	King's Gambit Accepted: Bishop's Gambit, Boren-Svenonius Variation	1. e4 e5 2. f4 exf4 3. Bc4 d5 4. Bxd5 Qh4+ 5. Kf1 Bd6
C33	King's Gambit Accepted: Bishop's Gambit, Bryan Countergambit	1. e4 e5 2. f4 exf4 3. Bc4 Qh4+ 4. Kf1 b5
C33	King's Gambit Accepted: Bishop's Gambit, Cozio Defense	1. e4 e5 2. f4 exf4 3. Bc4 Nf6
C33	King's Gambit Accepted: Bishop's Gambit, Gianutio Gambit	1. e4 e5 2. f4 exf4 3. Bc4 f5
C33	King's Gambit Accepted: Bishop's Gambit, Kieseritzky Gambit	1. e4 e5 2. f4 exf4 3. Bc4 b5
C33	King's Gambit Accepted: Bishop's Gambit, Lopez Defense	1. e4 e5 2. f4 exf4 3. Bc4 c6
C33	King's Gambit Accepted: Bishop's Gambit, Lopez Variation	1. e4 e5 2. f4 exf4 3. Bc4 Qh4+ 4. Kf1 g5
C33	King's Gambit Accepted: Bishop's Gambit, McDonnell Attack	1. e4 e5 2. f4 exf4 3. Bc4 Qh4+ 4. Kf1 g5 5. Nc3 Bg7 6. g3
C33	King's Gambit Accepted: Bishop's Gambit, Paulsen Attack	1. e4 e5 2. f4 exf4 3. Bc4 Nf6 4. Nc3 Bb4 5. e5
C33	King's Gambit Accepted: Bishop's Gambit, Steinitz Defense	1. e4 e5 2. f4 exf4 3. Bc4 Ne7
C34	King's Gambit Accepted: Becker Defense	1. e4 e5 2. f4 exf4 3. Nf3 h6
C34	King's Gambit Accepted: Bonsch-Osmolovsky Variation	1. e4 e5 2. f4 exf4 3. Nf3 Ne7
C34	King's Gambit Accepted: Fischer Defense	1. e4 e5 2. f4 exf4 3. Nf3 d6
C34	King's Gambit Accepted: Fischer Defense, Spanish Variation	1. e4 e5 2. f4 exf4 3. Nf3 d6 4. d4 Nf6 5. Bd3
C34	King's Gambit Accepted: Gianutio Countergambit	1. e4 e5 2. f4 exf4 3. Nf3 f5
C34	King's Gambit Accepted: MacLeod Defense	1. e4 e5 2. f4 exf4 3. Nf3 Nc6
C34	King's Gambit Accepted: Schallopp Defense	1. e4 e5 2. f4 exf4 3. Nf3 Nf6
C35	King's Gambit Accepted: Cunningham Defense	1. e4 e5 2. f4 exf4 3. Nf3 Be7
C35	King's Gambit Accepted: Cunningham Defense, McCormick Defense	1. e4 e5 2. f4 exf4 3. Nf3 Be7 4. Bc4 Nf6
C36	King's Gambit Accepted: Abbazia Defense	1. e4 e5 2. f4 exf4 3. Nf3 d5 4. exd5 Nf6
C36	King's Gambit Accepted: Modern Defense	1. e4 e5 2. f4 exf4 3. Nf3 d5
C36	King's Gambit Accepted: Modern Defense	1. e4 e5 2. f4 exf4 3. Nf3 d5 4. exd5
C37	King's Gambit Accepted: Muzio Gambit Accepted, From's Defense	1. e4 e5 2. f4 exf4 3. Nf3 g5 4. Bc4 g4 5. O-O gxf3 6. Qxf3 Qe7
C37	King's Gambit Accepted: Muzio Gambit, Brentano Defense	1. e4 e5 2. f4 exf4 3. Nf3 g5 4. Bc4 g4 5. O-O d5
C39	King's Gambit Accepted: Allgaier, Schlechter Defense	1. e4 e5 2. f4 exf4 3. Nf3 g5 4. h4 g4 5. Ng5 Nf6
C39	King's Gambit Accepted: Kieseritzky Gambit, Berlin Defense, de Riviere Variation	1. e4 e5 2. f4 exf4 3. Nf3 g5 4. h4 g4 5. Ne5 Nf6 6. Nxg4 d5
C39	King's Gambit Accepted: Kieseritzky Gambit, Brentano Defense	1. e4 e5 2. f4 exf4 3. Nf3 g5 4. h4 g4 5. Ne5 d5
C39	King's Gambit Accepted: Kieseritzky Gambit, Kolisch Defense	1. e4 e5 2. f4 exf4 3. Nf3 g5 4. h4 g4 5. Ne5 d6
C39	King's Gambit Accepted: Kieseritzky Gambit, Neumann Defense	1. e4 e5 2. f4 exf4 3. Nf3 g5 4. h4 g4 5. Ne5 Nc6
C39	King's Gambit Accepted: Kieseritzky Gambit, Paulsen Defense	1. e4 e5 2. f4 exf4 3. Nf3 g5 4. h4 g4 5. Ne5 Bg7
C39	King's Gambit Accepted: Kieseritzky Gambit, Rosenthal Defense	1. e4 e5 2. f4 exf4 3. Nf3 g5 4. h4 g4 5. Ne5 Qe7
C39	King's Gambit Accepted: Kieseritzky, Polerio Defense	1. e4 e5 2. f4 exf4 3. Nf3 g5 4. h4 g4 5. Ne5 Be7
C40	Latvian Gambit Accepted: Foltys Variation	1. e4 e5 2. Nf3 f5 3. Nxe5 Qf6 4. Nc4 fxe4 5. d3
C40	Latvian Gambit: Mayet Attack, Poisoned Pawn Variation	1. e4 e5 2. Nf3 f5 3. Bc4 fxe4 4. Nxe5 Qg5 5. d4 Qxg2
C41	Philidor Defense	1. e4 e5 2. Nf3 d6 3. Bc4 Be7
C41	Philidor Defense: Bird Gambit	1. e4 e5 2. Nf3 d6 3. d4 exd4 4. c3
C41	Philidor Defense: Lion Variation, Shirov Gambit	1. e4 e5 2. Nf3 d6 3. d4 Nd7 4. Nc3 Ngf6 5. g4
C41	Philidor Defense: Lopez Countergambit, Jaenisch Variation	1. e4 e5 2. Nf3 d6 3. d4 f5 4. Bc4 exd4 5. Ng5 Nh6 6. Nxh7
C41	Philidor Defense: Morphy Gambit	1. e4 e5 2. Nf3 d6 3. d4 exd4 4. Bc4
C41	Philidor Defense: Nimzowitsch Variation, Klein Variation	1. e4 e5 2. Nf3 d6 3. d4 Nf6 4. Bc4
C41	Philidor Defense: Nimzowitsch Variation, Rellstab Variation	1. e4 e5 2. Nf3 d6 3. d4 Nf6 4. dxe5 Nxe4 5. Qd5
C41	Philidor Defense: Nimzowitsch Variation, Sokolsky Variation	1. e4 e5 2. Nf3 d6 3. d4 Nf6 4. dxe5 Nxe4 5. Nbd2
C41	Philidor Defense: Nimzowitsch, Locock Variation	1. e4 e5 2. Nf3 d6 3. d4 Nf6 4. Ng5
C41	Philidor Defense: Steinitz Variation	1. e4 e5 2. Nf3 d6 3. Bc4 Be7 4. c3
C42	Petrov's Defense	1. e4 e5 2. Nf3 Nf6 3. Nxe5 d6 4. Nf3
C42	Petrov's Defense	1. e4 e5 2. Nf3 Nf6 3. Nxe5 d6 4. Nf3 Nxe4
C42	Petrov's Defense: Classical Attack	1. e4 e5 2. Nf3 Nf6 3. Nxe5 d6 4. Nf3 Nxe4 5. d4
C42	Petrov's Defense: Classical Attack, Mason-Showalter Variation	1. e4 e5 2. Nf3 Nf6 3. Nxe5 d6 4. Nf3 Nxe4 5. d4 d5 6. Bd3 Nc6
C42	Petrov's Defense: Cozio Attack	1. e4 e5 2. Nf3 Nf6 3. Nxe5 d6 4. Nf3 Nxe4 5. Qe2
C42	Petrov's Defense: French Attack	1. e4 e5 2. Nf3 Nf6 3. Nxe5 d6 4. Nf3 Nxe4 5. d3
C42	Petrov's Defense: Karklins-Martinovsky Variation	1. e4 e5 2. Nf3 Nf6 3. Nxe5 d6 4. Nd3
C42	Petrov's Defense: Kaufmann Attack	1. e4 e5 2. Nf3 Nf6 3. Nxe5 d6 4. Nf3 Nxe4 5. c4
C42	Petrov's Defense: Millennium Attack	1. e4 e5 2. Nf3 Nf6 3. Nxe5 d6 4. Nf3 Nxe4 5. Bd3
C42	Petrov's Defense: Moody Gambit	1. e4 e5 2. Nf3 Nf6 3. Qe2 Nc6 4. d4
C42	Petrov's Defense: Nimzowitsch Attack	1. e4 e5 2. Nf3 Nf6 3. Nxe5 d6 4. Nf3 Nxe4 5. Nc3
C42	Petrov's Defense: Paulsen Attack	1. e4 e5 2. Nf3 Nf6 3. Nxe5 d6 4. Nc4
C43	Bishop's Opening: Urusov Gambit, Keidansky Gambit	1. e4 e5 2. Bc4 Nf6 3. d4 exd4 4. Nf3 Nxe4 5. Qxd4
C43	Petrov's Defense: Modern Attack, Bardeleben Variation	1. e4 e5 2. Nf3 Nf6 3. d4 exd4 4. e5 Ne4 5. Qe2 Nc5 6. Nxd4 Nc6
C43	Petrov's Defense: Modern Attack, Center Attack	1. e4 e5 2. Nf3 Nf6 3. d4 exd4 4. e5 Ne4 5. Qxd4
C43	Petrov's Defense: Modern Attack, Center Variation	1. e4 e5 2. Nf3 Nf6 3. d4 Nxe4 4. Bd3
C43	Petrov's Defense: Modern Attack, Murrey Variation	1. e4 e5 2. Nf3 Nf6 3. d4 Nxe4 4. Bd3 Nc6
C43	Petrov's Defense: Modern Attack, Steinitz Variation	1. e4 e5 2. Nf3 Nf6 3. d4 exd4 4. e5 Ne4 5. Qe2
C43	Petrov's Defense: Modern Attack, Symmetrical Variation	1. e4 e5 2. Nf3 Nf6 3. d4 d5
C43	Petrov's Defense: Modern Attack, Tal Gambit	1. e4 e5 2. Nf3 Nf6 3. d4 exd4 4. e5 Ne4 5. Bb5
C44	King's Pawn Game: Tayler Opening	1. e4 e5 2. Nf3 Nc6 3. Be2 Nf6 4. d4
C44	King's Pawn Game: Tayler Opening, Basman Gambit	1. e4 e5 2. Nf3 Nc6 3. Be2 Nf6 4. d4 exd4 5. e5
C44	King's Pawn Game: Tayler Opening, Inverted Hanham	1. e4 e5 2. Nf3 Nc6 3. Be2 Nf6 4. d3 d5 5. Nbd2
C44	Latvian Gambit: Clam Gambit	1. e4 e5 2. Nf3 Nc6 3. d3 f5 4. exf5
C44	Ponziani Opening: Caro Gambit	1. e4 e5 2. Nf3 Nc6 3. c3 d5 4. Qa4 Bd7
C44	Ponziani Opening: Jaenisch Counterattack	1. e4 e5 2. Nf3 Nc6 3. c3 Nf6
C44	Ponziani Opening: Jaenisch Counterattack	1. e4 e5 2. Nf3 Nc6 3. c3 Nf6 4. d3
C44	Ponziani Opening: Jaenisch Counterattack	1. e4 e5 2. Nf3 Nc6 3. c3 Nf6 4. d3 d5
C44	Ponziani Opening: Jaenisch Counterattack	1. e4 e5 2. Nf3 Nc6 3. c3 Nf6 4. d3 d5 5. Nbd2
C44	Ponziani Opening: Leonhardt Variation	1. e4 e5 2. Nf3 Nc6 3. c3 d5 4. Qa4 Nf6
C44	Ponziani Opening: Ponziani Countergambit	1. e4 e5 2. Nf3 Nc6 3. c3 f5
C44	Ponziani Opening: Spanish Variation	1. e4 e5 2. Nf3 Nc6 3. c3 d5 4. Bb5
C44	Ponziani Opening: Steinitz Variation	1. e4 e5 2. Nf3 Nc6 3. c3 d5 4. Qa4 f6
C44	Ponziani Opening: Vukovic Gambit	1. e4 e5 2. Nf3 Nc6 3. c3 Nf6 4. d4 Nxe4 5. d5 Bc5
C44	Scotch Game	1. e4 e5 2. Nf3 Nc6 3. d4 exd4
C44	Scotch Game: Göring Gambit	1. e4 e5 2. Nf3 Nc6 3. d4 exd4 4. c3
C44	Scotch Game: Göring Gambit, Bardeleben Variation	1. e4 e5 2. Nf3 Nc6 3. d4 exd4 4. c3 dxc3 5. Bc4 Nf6 6. Nxc3 Bb4
C44	Scotch Game: Göring Gambit, Double Pawn Sacrifice	1. e4 e5 2. Nf3 Nc6 3. d4 exd4 4. c3 dxc3 5. Bc4
C44	Scotch Game: Göring Gambit, Main Line	1. e4 e5 2. Nf3 Nc6 3. d4 exd4 4. c3 dxc3 5. Nxc3 Bb4
C44	Scotch Game: Haxo Gambit	1. e4 e5 2. Nf3 Nc6 3. d4 exd4 4. Bc4 Bc5
C44	Scotch Game: Napoleon Gambit	1. e4 e5 2. Nf3 Nc6 3. d4 Nxd4 4. Nxd4 exd4 5. Bc4
C44	Scotch Game: Relfsson Gambit	1. e4 e5 2. Nf3 Nc6 3. d4 exd4 4. Bb5
C44	Scotch Game: Scotch Gambit	1. e4 e5 2. Nf3 Nc6 3. d4 exd4 4. Bc4
C44	Scotch Game: Scotch Gambit, Advance Variation	1. e4 e5 2. Nf3 Nc6 3. d4 exd4 4. Bc4 Nf6 5. e5
C44	Scotch Game: Scotch Gambit, Cochrane-Anderssen Variation	1. e4 e5 2. Nf3 Nc6 3. d4 exd4 4. Bc4 Bc5 5. O-O d6 6. c3 Bg4
C44	Scotch Game: Scotch Gambit, Dubois Réti Defense	1. e4 e5 2. Nf3 Nc6 3. Bc4 Nf6 4. d4 exd4
C44	Scotch Game: Scotch Gambit, Göring Gambit Declined	1. e4 e5 2. Nf3 Nc6 3. d4 exd4 4. c3 d5
C44	Scotch Game: Scotch Gambit, Kingside Variation	1. e4 e5 2. Nf3 Nc6 3. Bc4 Nf6 4. d4 exd4 5. e5 Ng4
C44	Scotch Game: Scotch Gambit, London Defense	1. e4 e5 2. Nf3 Nc6 3. d4 exd4 4. Bc4 Bb4+
C44	Scotch Game: Scotch Gambit, Sarratt Variation	1. e4 e5 2. Nf3 Nc6 3. d4 exd4 4. Bc4 Bc5 5. Ng5
C45	Scotch Game	1. e4 e5 2. Nf3 Nc6 3. d4 exd4 4. Nxd4
C45	Scotch Game	1. e4 e5 2. Nf3 Nc6 3. d4 exd4 4. Nxd4 Qh4 5. Nb5 Bb4+ 6. Bd2
C45	Scotch Game: Braune Variation	1. e4 e5 2. Nf3 Nc6 3. d4 exd4 4. Nxd4 Qh4 5. Be3
C45	Scotch Game: Classical Variation	1. e4 e5 2. Nf3 Nc6 3. d4 exd4 4. Nxd4 Bc5
C45	Scotch Game: Classical Variation, Intermezzo Variation	1. e4 e5 2. Nf3 Nc6 3. d4 exd4 4. Nxd4 Bc5 5. Nxc6 Qf6
C45	Scotch Game: Classical Variation, Millennium Variation	1. e4 e5 2. Nf3 Nc6 3. d4 exd4 4. Nxd4 Bc5 5. Be3 Qf6 6. c3 Qg6
C45	Scotch Game: Fraser Variation	1. e4 e5 2. Nf3 Nc6 3. d4 exd4 4. Nxd4 Qh4 5. Nf3
C45	Scotch Game: Horwitz Attack	1. e4 e5 2. Nf3 Nc6 3. d4 exd4 4. Nxd4 Qh4 5. Nb5
C45	Scotch Game: Mieses Variation	1. e4 e5 2. Nf3 Nc6 3. d4 exd4 4. Nxd4 Nf6 5. Nxc6 bxc6 6. e5
C45	Scotch Game: Potter Variation	1. e4 e5 2. Nf3 Nc6 3. d4 exd4 4. Nxd4 Bc5 5. Nb3
C45	Scotch Game: Schmidt Variation	1. e4 e5 2. Nf3 Nc6 3. d4 exd4 4. Nxd4 Nf6
C45	Scotch Game: Tartakower Variation	1. e4 e5 2. Nf3 Nc6 3. d4 exd4 4. Nxd4 Nf6 5. Nxc6 bxc6 6. Nd2
C46	Three Knights Opening: Steinitz-Rosenthal Variation	1. e4 e5 2. Nf3 Nc6 3. Nc3 g6 4. d4 exd4 5. Nd5
C47	Four Knights Game	1. e4 e5 2. Nf3 Nc6 3. Nc3 Nf6
C47	Four Knights Game: Glek System	1. e4 e5 2. Nf3 Nc6 3. Nc3 Nf6 4. g3
C47	Four Knights Game: Gunsberg Variation	1. e4 e5 2. Nf3 Nc6 3. Nc3 Nf6 4. a3
C47	Four Knights Game: Gunsberg Variation, Provincial Opening	1. e4 e5 2. Nf3 Nc6 3. Nc3 Nf6 4. a3 d6 5. h3
C47	Four Knights Game: Italian Variation	1. e4 e5 2. Nf3 Nc6 3. Bc4 Nf6 4. Nc3
C47	Four Knights Game: Naroditsky Variation	1. e4 e5 2. Nf3 Nc6 3. Nc3 Nf6 4. Nd5
C47	Four Knights Game: Scotch Variation	1. e4 e5 2. Nf3 Nc6 3. Nc3 Nf6 4. d4
C47	Four Knights Game: Scotch Variation Accepted	1. e4 e5 2. Nf3 Nc6 3. Nc3 Nf6 4. d4 exd4
C47	Four Knights Game: Scotch Variation, Belgrade Gambit	1. e4 e5 2. Nf3 Nc6 3. Nc3 Nf6 4. d4 exd4 5. Nd5
C47	Four Knights Game: Scotch Variation, Belgrade Gambit, Modern Defense	1. e4 e5 2. Nf3 Nc6 3. Nc3 Nf6 4. d4 exd4 5. Nd5 Nxe4 6. Qe2 f5
C47	Four Knights Game: Scotch Variation, Krause Gambit	1. e4 e5 2. Nf3 Nc6 3. Nc3 Nf6 4. d4 Bb4 5. Nxe5
C47	Four Knights Game: Scotch Variation, Krause Gambit, Leonhardt Defense	1. e4 e5 2. Nf3 Nc6 3. Nc3 Nf6 4. d4 Bb4 5. Nxe5 Qe7
C48	Four Knights Game: Spanish Variation	1. e4 e5 2. Nf3 Nc6 3. Nc3 Nf6 4. Bb5
C48	Four Knights Game: Spanish Variation, Classical Variation	1. e4 e5 2. Nf3 Nc6 3. Nc3 Nf6 4. Bb5 Bc5
C48	Four Knights Game: Spanish Variation, Rubinstein Variation	1. e4 e5 2. Nf3 Nc6 3. Nc3 Nf6 4. Bb5 Nd4
C48	Four Knights Game: Spanish Variation, Rubinstein Variation	1. e4 e5 2. Nf3 Nc6 3. Nc3 Nf6 4. Bb5 Nd4 5. Be2
C48	Four Knights Game: Spanish Variation, Rubinstein Variation Accepted	1. e4 e5 2. Nf3 Nc6 3. Nc3 Nf6 4. Bb5 Nd4 5. Nxd4
C48	Four Knights Game: Spanish Variation, Rubinstein Variation, Henneberger Variation	1. e4 e5 2. Nf3 Nf6 3. Nc3 Nc6 4. Bb5 Nd4 5. O-O
C48	Four Knights Game: Spanish Variation, Rubinstein Variation, Marshall Gambit	1. e4 e5 2. Nf3 Nc6 3. Nc3 Nf6 4. Bb5 Nd4 5. Ba4 Bc5 6. Nxe5 O-O
C49	Four Knights Game: Spanish Variation	1. e4 e5 2. Nf3 Nc6 3. Nc3 Nf6 4. Bb5 Bb4 5. O-O O-O 6. d3 Bxc3
C49	Four Knights Game: Spanish Variation, Double Spanish	1. e4 e5 2. Nf3 Nc6 3. Nc3 Nf6 4. Bb5 Bb4
C49	Four Knights Game: Spanish Variation, Double Spanish	1. e4 e5 2. Nf3 Nc6 3. Nc3 Nf6 4. Bb5 Bb4 5. O-O O-O 6. d3
C49	Four Knights Game: Spanish Variation, Nimzowitsch Variation	1. e4 e5 2. Nf3 Nc6 3. Nc3 Nf6 4. Bb5 Bb4 5. O-O O-O 6. Bxc6
C49	Four Knights Game: Spanish Variation, Symmetrical Variation	1. e4 e5 2. Nf3 Nc6 3. Nc3 Nf6 4. Bb5 Bb4 5. O-O O-O 6. d3 d6
C50	Four Knights Game: Italian Variation	1. e4 e5 2. Nf3 Nc6 3. Bc4 Bc5 4. Nc3 Nf6
C50	Italian Game: Deutz Gambit	1. e4 e5 2. Nf3 Nc6 3. Bc4 Bc5 4. O-O Nf6 5. d4
C50	Italian Game: Giuoco Pianissimo	1. e4 e5 2. Nf3 Nc6 3. Bc4 Bc5 4. d3
C50	Italian Game: Giuoco Pianissimo	1. e4 e5 2. Nf3 Nc6 3. Bc4 Nf6 4. O-O Bc5 5. Nc3 d6 6. d3
C50	Italian Game: Giuoco Pianissimo	1. e4 e5 2. Nf3 Nc6 3. Bc4 Bc5 4. Nc3 Nf6 5. O-O O-O
C50	Italian Game: Giuoco Pianissimo	1. e4 e5 2. Nf3 Nc6 3. Bc4 Bc5 4. Nc3 Nf6 5. O-O O-O 6. d3
C50	Italian Game: Giuoco Pianissimo, Canal Variation	1. e4 e5 2. Nf3 Nc6 3. Bc4 Bc5 4. d3 Nf6 5. Nc3 d6 6. Bg5
C50	Italian Game: Giuoco Pianissimo, Italian Four Knights Variation	1. e4 e5 2. Nf3 Nc6 3. Bc4 Bc5 4. d3 Nf6 5. Nc3
C50	Italian Game: Giuoco Pianissimo, Normal	1. e4 e5 2. Nf3 Nc6 3. Bc4 Nf6 4. d3 Bc5
C50	Italian Game: Giuoco Piano	1. e4 e5 2. Nf3 Nc6 3. Bc4 Bc5
C50	Italian Game: Rosentreter Gambit	1. e4 e5 2. Nf3 Nc6 3. Bc4 Bc5 4. d4
C51	Italian Game: Evans Gambit	1. e4 e5 2. Nf3 Nc6 3. Bc4 Bc5 4. b4
C51	Italian Game: Evans Gambit Accepted	1. e4 e5 2. Nf3 Nc6 3. Bc4 Bc5 4. b4 Bxb4
C51	Italian Game: Evans Gambit Declined	1. e4 e5 2. Nf3 Nc6 3. Bc4 Bc5 4. b4 Bb6 5. a4
C51	Italian Game: Evans Gambit Declined, Cordel Variation	1. e4 e5 2. Nf3 Nc6 3. Bc4 Bc5 4. b4 Bb6 5. Bb2
C51	Italian Game: Evans Gambit Declined, Showalter Variation	1. e4 e5 2. Nf3 Nc6 3. Bc4 Bc5 4. b4 Bb6 5. a4 a6 6. Nc3
C51	Italian Game: Evans Gambit, Anderssen Variation	1. e4 e5 2. Nf3 Nc6 3. Bc4 Bc5 4. b4 Bxb4 5. c3 Be7
C51	Italian Game: Evans Gambit, Anderssen Variation, Cordel Line	1. e4 e5 2. Nf3 Nc6 3. Bc4 Bc5 4. b4 Bxb4 5. c3 Be7 6. d4 Na5
C51	Italian Game: Evans Gambit, Hein Countergambit	1. e4 e5 2. Nf3 Nc6 3. Bc4 Bc5 4. b4 d5
C51	Italian Game: Evans Gambit, Mayet Defense	1. e4 e5 2. Nf3 Nc6 3. Bc4 Bc5 4. b4 Bxb4 5. c3 Bf8
C51	Italian Game: Evans Gambit, McDonnell Defense	1. e4 e5 2. Nf3 Nc6 3. Bc4 Bc5 4. b4 Bxb4 5. c3 Bc5
C52	Italian Game: Evans Gambit, Bronstein Defense	1. e4 e5 2. Nf3 Nc6 3. Bc4 Bc5 4. b4 Bxb4 5. c3 Ba5 6. d4 d6
C52	Italian Game: Evans Gambit, Laroche Variation	1. e4 e5 2. Nf3 Nc6 3. Bc4 Bc5 4. b4 Bxb4 5. c3 Ba5 6. d4 Nf6
C52	Italian Game: Evans Gambit, Leonhardt Countergambit	1. e4 e5 2. Nf3 Nc6 3. Bc4 Bc5 4. b4 Bxb4 5. c3 Ba5 6. d4 b5
C52	Italian Game: Evans Gambit, Main Line	1. e4 e5 2. Nf3 Nc6 3. Bc4 Bc5 4. b4 Bxb4 5. c3 Ba5
C52	Italian Game: Evans Gambit, Pierce Defense	1. e4 e5 2. Nf3 Nc6 3. Bc4 Bc5 4. b4 Bxb4 5. c3 Ba5 6. d4 exd4
C53	Italian Game: Bird's Attack	1. e4 e5 2. Nf3 Nc6 3. Bc4 Bc5 4. c3 Nf6 5. b4
C53	Italian Game: Classical Variation	1. e4 e5 2. Nf3 Nc6 3. Bc4 Bc5 4. c3
C54	Italian Game: Classical Variation	1. e4 e5 2. Nf3 Nc6 3. Bc4 Bc5 4. c3 Nf6
C54	Italian Game: Classical Variation, Center Attack	1. e4 e5 2. Nf3 Nc6 3. Bc4 Bc5 4. c3 Nf6 5. d4
C54	Italian Game: Classical Variation, Giuoco Pianissimo	1. e4 e5 2. Nf3 Nc6 3. Bc4 Bc5 4. c3 Nf6 5. d3
C54	Italian Game: Classical Variation, Giuoco Pianissimo	1. e4 e5 2. Nf3 Nc6 3. Bc4 Bc5 4. c3 Nf6 5. d3 d6
C54	Italian Game: Classical Variation, Giuoco Pianissimo	1. e4 e5 2. Nf3 Nc6 3. Bc4 Bc5 4. O-O Nf6 5. d3 h6 6. c3
C54	Italian Game: Classical Variation, Giuoco Pianissimo	1. e4 e5 2. Nf3 Nc6 3. Bc4 Bc5 4. O-O Nf6 5. d3 d6 6. c3
C54	Italian Game: Classical Variation, Giuoco Pianissimo	1. e4 e5 2. Nf3 Nc6 3. Bc4 Bc5 4. O-O Nf6 5. d3 d6 6. c3 a5
C54	Italian Game: Classical Variation, Giuoco Pianissimo	1. e4 e5 2. Nf3 Nc6 3. Bc4 Bc5 4. O-O Nf6 5. d3 d6 6. c3 a6
C54	Italian Game: Classical Variation, Giuoco Pianissimo	1. e4 e5 2. Nf3 Nc6 3. Bc4 Bc5 4. O-O Nf6 5. d3 d6 6. c3 Bb6
C54	Italian Game: Classical Variation, Giuoco Pianissimo	1. e4 e5 2. Nf3 Nc6 3. Bc4 Bc5 4. O-O Nf6 5. d3 d6 6. c3 O-O
C54	Italian Game: Classical Variation, Giuoco Pianissimo	1. e4 e5 2. Nf3 Nc6 3. Bc4 Bc5 4. O-O Nf6 5. d3 O-O 6. c3 d5
C54	Italian Game: Classical Variation, Giuoco Pianissimo, Albin Variation	1. e4 e5 2. Nf3 Nc6 3. Bc4 Bc5 4. c3 Nf6 5. d3 d6 6. b4
C54	Italian Game: Classical Variation, Giuoco Pianissimo, with a5	1. e4 e5 2. Nf3 Nc6 3. Bc4 Bc5 4. O-O Nf6 5. d3 a5 6. c3
C54	Italian Game: Classical Variation, Giuoco Pianissimo, with a6	1. e4 e5 2. Nf3 Nc6 3. Bc4 Bc5 4. c3 Nf6 5. d3 a6
C54	Italian Game: Classical Variation, Giuoco Pianissimo, with a6	1. e4 e5 2. Nf3 Nc6 3. Bc4 Bc5 4. c3 Nf6 5. d3 d6 6. Nbd2 a6
C54	Italian Game: Classical Variation, Giuoco Pianissimo, with h6	1. e4 e5 2. Nf3 Nc6 3. Bc4 Bc5 4. O-O Nf6 5. d3 d6 6. c3 h6
C54	Italian Game: Classical Variation, Greco Gambit, Dubov Italian	1. e4 e5 2. Nf3 Nc6 3. Bc4 Bc5 4. c3 Nf6 5. d4 exd4 6. b4
C54	Italian Game: Classical Variation, Greco Gambit, Modern Line	1. e4 e5 2. Nf3 Nc6 3. Bc4 Bc5 4. c3 Nf6 5. d4 exd4 6. e5
C54	Italian Game: Classical Variation, Greco Gambit, Modern Line	1. e4 e5 2. Nf3 Nc6 3. Bc4 Bc5 4. c3 Nf6 5. d4 exd4 6. e5 d5
C54	Italian Game: Classical Variation, Greco Gambit, Traditional Line	1. e4 e5 2. Nf3 Nc6 3. Bc4 Bc5 4. c3 Nf6 5. d4 exd4 6. cxd4
C54	Italian Game: Classical Variation, with d5	1. e4 e5 2. Nf3 Nc6 3. Bc4 Bc5 4. c3 Nf6 5. d3 d5
C55	Italian Game: Two Knights Defense	1. e4 e5 2. Nf3 Nc6 3. Bc4 Nf6
C55	Italian Game: Two Knights Defense	1. e4 e5 2. Nf3 Nc6 3. Bc4 Nf6 4. Nc3 Nxe4 5. Nxe4 d5
C55	Italian Game: Two Knights Defense, Modern Bishop's Opening	1. e4 e5 2. Nf3 Nc6 3. Bc4 Nf6 4. d3
C55	Italian Game: Two Knights Defense, Modern Bishop's Opening	1. e4 e5 2. Nf3 Nc6 3. Bc4 Nf6 4. d3 Be7
C55	Italian Game: Two Knights Defense, Modern Bishop's Opening	1. e4 e5 2. Nf3 Nc6 3. Bc4 Nf6 4. d3 h6 5. O-O d6
C56	Italian Game: Scotch Gambit	1. e4 e5 2. Nf3 Nc6 3. Bc4 Nf6 4. d4 exd4 5. O-O
C56	Italian Game: Scotch Gambit, Double Gambit Accepted	1. e4 e5 2. Nf3 Nc6 3. Bc4 Nf6 4. d4 exd4 5. O-O Nxe4
C56	Italian Game: Scotch Gambit, Max Lange Attack	1. e4 e5 2. Nf3 Nc6 3. Bc4 Nf6 4. d4 exd4 5. e5 d5 6. Bb5 Ne4
C56	Italian Game: Scotch Gambit, Walbrodt-Baird Gambit	1. e4 e5 2. Nf3 Nc6 3. Bc4 Bc5 4. c3 Nf6 5. d4 exd4 6. O-O
C56	Italian Game: Scotch Gambit, de Riviere Defense	1. e4 e5 2. Nf3 Nc6 3. d4 exd4 4. Bc4 Nf6 5. O-O Be7
C56	Italian Game: Two Knights Defense, Max Lange Attack	1. e4 e5 2. Nf3 Nc6 3. d4 exd4 4. Bc4 Nf6 5. O-O Bc5 6. e5
C56	Italian Game: Two Knights Defense, Open Variation	1. e4 e5 2. Nf3 Nc6 3. Bc4 Nf6 4. d4
C57	Italian Game: Two Knights Defense, Knight Attack, Normal Variation	1. e4 e5 2. Nf3 Nc6 3. Bc4 Nf6 4. Ng5 d5
C57	Italian Game: Two Knights Defense, Ulvestad Variation	1. e4 e5 2. Nf3 Nc6 3. Bc4 Nf6 4. Ng5 d5 5. exd5 b5
C58	Italian Game: Two Knights Defense, Polerio Defense	1. e4 e5 2. Nf3 Nc6 3. Bc4 Nf6 4. Ng5 d5 5. exd5 Na5
C58	Italian Game: Two Knights Defense, Polerio Defense, Bishop Check Line	1. e4 e5 2. Nf3 Nc6 3. Bc4 Nf6 4. Ng5 d5 5. exd5 Na5 6. Bb5+
C58	Italian Game: Two Knights Defense, Polerio Defense, Kieseritzky Variation	1. e4 e5 2. Nf3 Nc6 3. Bc4 Nf6 4. Ng5 d5 5. exd5 Na5 6. d3
C60	Ruy Lopez: Cozio Defense	1. e4 e5 2. Nf3 Nc6 3. Bb5 Nge7
C60	Ruy Lopez: Lucena Variation	1. e4 e5 2. Nf3 Nc6 3. Bb5 Be7
C62	Ruy Lopez: Steinitz Defense, Center Gambit	1. e4 e5 2. Nf3 Nc6 3. Bb5 d6 4. d4 exd4 5. O-O
C62	Ruy Lopez: Steinitz Defense, Semi-Duras Variation	1. e4 e5 2. Nf3 Nc6 3. Bb5 d6 4. d4 Bd7 5. c4
C63	Ruy Lopez: Schliemann Defense	1. e4 e5 2. Nf3 Nc6 3. Bb5 f5
C63	Ruy Lopez: Schliemann Defense, Exchange Variation	1. e4 e5 2. Nf3 Nc6 3. Bb5 f5 4. Bxc6
C63	Ruy Lopez: Schliemann Defense, Jaenisch Gambit Accepted	1. e4 e5 2. Nf3 Nc6 3. Bb5 f5 4. exf5
C63	Ruy Lopez: Schliemann Defense, Schönemann Attack	1. e4 e5 2. Nf3 Nc6 3. Bb5 f5 4. d4
C64	Ruy Lopez: Classical Defense, Zaitsev Variation	1. e4 e5 2. Nf3 Nc6 3. Bb5 Bc5 4. O-O Nd4 5. b4
C65	Ruy Lopez: Berlin Defense	1. e4 e5 2. Nf3 Nc6 3. Bb5 Nf6
C65	Ruy Lopez: Berlin Defense	1. e4 e5 2. Nf3 Nc6 3. Bb5 Nf6 4. O-O
C65	Ruy Lopez: Berlin Defense, Anti-Berlin Variation	1. e4 e5 2. Nf3 Nc6 3. Bb5 Nf6 4. d3
C65	Ruy Lopez: Berlin Defense, Anti-Berlin Variation, Anderssen Variation	1. e4 e5 2. Nf3 Nc6 3. Bb5 Nf6 4. d3 d6 5. Bxc6+
C65	Ruy Lopez: Berlin Defense, Anti-Berlin Variation, Duras Variation	1. e4 e5 2. Nf3 Nc6 3. Bb5 Nf6 4. d3 d6 5. c4
C65	Ruy Lopez: Berlin Defense, Anti-Berlin Variation, Kaufmann Variation	1. e4 e5 2. Nf3 Nc6 3. Bb5 Nf6 4. d3 Bc5 5. Be3
C65	Ruy Lopez: Berlin Defense, Nyholm Attack	1. e4 e5 2. Nf3 Nc6 3. Bb5 Nf6 4. d4 exd4 5. O-O
C66	Ruy Lopez: Berlin Defense, Improved Steinitz Defense	1. e4 e5 2. Nf3 Nc6 3. Bb5 Nf6 4. O-O d6
C67	Ruy Lopez: Berlin Defense, Minckwitz Variation	1. e4 e5 2. Nf3 Nc6 3. Bb5 Nf6 4. O-O Nxe4 5. d4 Be7 6. dxe5
C67	Ruy Lopez: Berlin Defense, Rio Gambit Accepted	1. e4 e5 2. Nf3 Nc6 3. Bb5 Nf6 4. O-O Nxe4
C67	Ruy Lopez: Berlin Defense, l'Hermet Variation	1. e4 e5 2. Nf3 Nc6 3. Bb5 Nf6 4. O-O Nxe4 5. d4 Nd6
C67	Ruy Lopez: Open Berlin Defense, Showalter Variation	1. e4 e5 2. Nf3 Nc6 3. Bb5 Nf6 4. O-O Nxe4 5. d4 Nd6 6. Ba4
C67	Ruy Lopez: Open Berlin Defense, l'Hermet Variation	1. e4 e5 2. Nf3 Nc6 3. Bb5 Nf6 4. O-O Nxe4 5. d4 Nd6 6. dxe5
C68	Ruy Lopez: Exchange Variation	1. e4 e5 2. Nf3 Nc6 3. Bb5 a6 4. Bxc6
C68	Ruy Lopez: Exchange Variation, Keres Variation	1. e4 e5 2. Nf3 Nc6 3. Bb5 a6 4. Bxc6 dxc6 5. Nc3
C68	Ruy Lopez: Exchange Variation, Romanovsky Variation	1. e4 e5 2. Nf3 Nc6 3. Bb5 a6 4. Bxc6 dxc6 5. Nc3 f6 6. d3
C69	Ruy Lopez: Exchange Variation, Alapin Gambit	1. e4 e5 2. Nf3 Nc6 3. Bb5 a6 4. Bxc6 dxc6 5. O-O Bg4 6. h3 h5
C69	Ruy Lopez: Exchange Variation, Bronstein Variation	1. e4 e5 2. Nf3 Nc6 3. Bb5 a6 4. Bxc6 dxc6 5. O-O Qd6
C69	Ruy Lopez: Exchange Variation, Gligoric Variation	1. e4 e5 2. Nf3 Nc6 3. Bb5 a6 4. Bxc6 dxc6 5. O-O f6
C69	Ruy Lopez: Exchange Variation, King's Bishop Variation	1. e4 e5 2. Nf3 Nc6 3. Bb5 a6 4. Bxc6 dxc6 5. O-O Bd6
C69	Ruy Lopez: Exchange Variation, Normal Variation	1. e4 e5 2. Nf3 Nc6 3. Bb5 a6 4. Bxc6 dxc6 5. O-O
C70	Ruy Lopez: Morphy Defense	1. e4 e5 2. Nf3 Nc6 3. Bb5 a6
C70	Ruy Lopez: Morphy Defense, Classical Defense Deferred	1. e4 e5 2. Nf3 Nc6 3. Bb5 a6 4. Ba4 Bc5
C70	Ruy Lopez: Morphy Defense, Norwegian Variation, Nightingale Gambit	1. e4 e5 2. Nf3 Nc6 3. Bb5 a6 4. Ba4 b5 5. Bb3 Na5 6. Bxf7+
C71	Ruy Lopez: Morphy Defense, Modern Steinitz Defense	1. e4 e5 2. Nf3 Nc6 3. Bb5 a6 4. Ba4 d6 5. Nc3
C71	Ruy Lopez: Morphy Defense, Modern Steinitz Defense	1. e4 e5 2. Nf3 Nc6 3. Bb5 a6 4. Ba4 d6 5. c4
C73	Ruy Lopez: Morphy Defense, Modern Steinitz Defense	1. e4 e5 2. Nf3 Nc6 3. Bb5 a6 4. Ba4 d6 5. Bxc6+ bxc6 6. d4
C73	Ruy Lopez: Morphy Defense, Modern Steinitz Defense	1. e4 e5 2. Nf3 Nc6 3. Bb5 a6 4. Ba4 d6 5. Bxc6+ bxc6 6. d4 f6
C74	Ruy Lopez: Morphy Defense, Modern Steinitz Defense	1. e4 e5 2. Nf3 Nc6 3. Bb5 a6 4. Ba4 d6 5. c3
C74	Ruy Lopez: Morphy Defense, Modern Steinitz Defense, Siesta Variation	1. e4 e5 2. Nf3 Nc6 3. Bb5 a6 4. Ba4 d6 5. c3 f5
C75	Ruy Lopez: Morphy Defense, Modern Steinitz Defense	1. e4 e5 2. Nf3 Nc6 3. Bb5 a6 4. Ba4 d6 5. c3 Bd7
C77	Ruy Lopez: Morphy Defense, Anderssen Variation	1. e4 e5 2. Nf3 Nc6 3. Bb5 a6 4. Ba4 Nf6 5. d3
C77	Ruy Lopez: Morphy Defense, Bayreuth Variation	1. e4 e5 2. Nf3 Nc6 3. Bb5 a6 4. Ba4 Nf6 5. Bxc6
C77	Ruy Lopez: Morphy Defense, Duras Variation	1. e4 e5 2. Nf3 Nc6 3. Bb5 a6 4. Ba4 Nf6 5. d3 d6 6. c4
C77	Ruy Lopez: Morphy Defense, Jaffe Gambit	1. e4 e5 2. Nf3 Nc6 3. Bb5 a6 4. Ba4 Nf6 5. c3
C77	Ruy Lopez: Morphy Defense, Mackenzie Variation	1. e4 e5 2. Nf3 Nc6 3. Bb5 a6 4. Ba4 Nf6 5. d4
C77	Ruy Lopez: Morphy Defense, Tarrasch Variation	1. e4 e5 2. Nf3 Nc6 3. Bb5 a6 4. Ba4 Nf6 5. Nc3
C77	Ruy Lopez: Morphy Defense, Wormald Attack	1. e4 e5 2. Nf3 Nc6 3. Bb5 a6 4. Ba4 Nf6 5. Qe2
C78	Ruy Lopez: Morphy Defense	1. e4 e5 2. Nf3 Nc6 3. Bb5 a6 4. Ba4 Nf6 5. O-O
C78	Ruy Lopez: Morphy Defense, Arkhangelsk Variation	1. e4 e5 2. Nf3 Nc6 3. Bb5 a6 4. Ba4 Nf6 5. O-O b5 6. Bb3 Bb7
C80	Ruy Lopez: Morphy Defense, Tartakower Variation	1. e4 e5 2. Nf3 Nc6 3. Bb5 a6 4. Ba4 Nf6 5. O-O Nxe4 6. Qe2
C80	Ruy Lopez: Open	1. e4 e5 2. Nf3 Nc6 3. Bb5 a6 4. Ba4 Nf6 5. O-O Nxe4
C80	Ruy Lopez: Open	1. e4 e5 2. Nf3 Nc6 3. Bb5 a6 4. Ba4 Nf6 5. O-O Nxe4 6. d4
C80	Ruy Lopez: Open, Knorre Variation	1. e4 e5 2. Nf3 Nc6 3. Bb5 a6 4. Ba4 Nf6 5. O-O Nxe4 6. Nc3
C84	Ruy Lopez: Closed	1. e4 e5 2. Nf3 Nc6 3. Bb5 a6 4. Ba4 Nf6 5. O-O Be7
C84	Ruy Lopez: Closed, Center Attack	1. e4 e5 2. Nf3 Nc6 3. Bb5 a6 4. Ba4 Nf6 5. O-O Be7 6. d4
C84	Ruy Lopez: Closed, Martinez Variation	1. e4 e5 2. Nf3 Nc6 3. Bb5 a6 4. Ba4 Nf6 5. O-O Be7 6. d3
C84	Ruy Lopez: Closed, Morphy Attack	1. e4 e5 2. Nf3 Nc6 3. Bb5 a6 4. Ba4 Nf6 5. O-O Be7 6. Nc3
C85	Ruy Lopez: Closed, Delayed Exchange	1. e4 e5 2. Nf3 Nc6 3. Bb5 a6 4. Ba4 Nf6 5. O-O Be7 6. Bxc6
C86	Ruy Lopez: Closed, Worrall Attack	1. e4 e5 2. Nf3 Nc6 3. Bb5 a6 4. Ba4 Nf6 5. O-O Be7 6. Qe2
D00	Blackmar-Diemer Gambit Accepted: Holwell Defense	1. d4 d5 2. e4 dxe4 3. Nc3 Nf6 4. f3 exf3 5. Nxf3 Qd6
D00	Blackmar-Diemer Gambit Accepted: Kaulich Defense	1. d4 d5 2. e4 dxe4 3. Nc3 Nf6 4. f3 exf3 5. Nxf3 c5
D00	Blackmar-Diemer Gambit Accepted: Pietrowsky Defense	1. d4 d5 2. e4 dxe4 3. Nc3 Nf6 4. f3 exf3 5. Nxf3 Nc6
D00	Blackmar-Diemer Gambit Accepted: Schlutter Defense	1. d4 d5 2. e4 dxe4 3. Nc3 Nf6 4. f3 exf3 5. Nxf3 Nbd7
D00	Blackmar-Diemer Gambit Accepted: Teichmann Defense	1. d4 d5 2. e4 dxe4 3. Nc3 Nf6 4. f3 exf3 5. Nxf3 Bg4
D00	Blackmar-Diemer Gambit Declined: Brombacher Countergambit	1. d4 d5 2. e4 dxe4 3. Nc3 Nf6 4. f3 c5
D00	Blackmar-Diemer Gambit Declined: Gedult Defense	1. d4 d5 2. e4 dxe4 3. Nc3 Nf6 4. f3 a6
D00	Blackmar-Diemer Gambit Declined: Lamb Defense	1. d4 d5 2. e4 dxe4 3. Nc3 Nf6 4. f3 Nc6
D00	Blackmar-Diemer Gambit Declined: Langeheinicke Defense	1. d4 d5 2. e4 dxe4 3. Nc3 Nf6 4. f3 e3
D00	Blackmar-Diemer Gambit Declined: O'Kelly Defense	1. d4 d5 2. e4 dxe4 3. Nc3 Nf6 4. f3 c6
D00	Blackmar-Diemer Gambit Declined: Weinsbach Defense	1. d4 d5 2. e4 dxe4 3. Nc3 Nf6 4. f3 e6
D00	Blackmar-Diemer Gambit: Lemberger Countergambit	1. d4 d5 2. e4 dxe4 3. Nc3 e5
D00	Blackmar-Diemer Gambit: Lemberger Countergambit, Endgame Variation	1. d4 d5 2. e4 dxe4 3. Nc3 e5 4. dxe5
D00	Blackmar-Diemer Gambit: Lemberger Countergambit, Lange Gambit	1. d4 d5 2. e4 dxe4 3. Nc3 e5 4. Nxe4
D00	Blackmar-Diemer Gambit: Lemberger Countergambit, Rasmussen Attack	1. d4 d5 2. e4 dxe4 3. Nc3 e5 4. Nge2
D00	Blackmar-Diemer Gambit: Netherlands Variation	1. d4 d5 2. e4 dxe4 3. Nc3 f5
D00	Blackmar-Diemer Gambit: Reversed Albin Countergambit	1. d4 d5 2. e4 dxe4 3. Nc3 c5
D00	Blackmar-Diemer Gambit: Zeller Defense	1. d4 d5 2. e4 dxe4 3. Nc3 Bf5
D00	Queen's Pawn Game: Accelerated London System, Steinitz Countergambit, Morris Countergambit Accepted	1. d4 d5 2. Bf4 c5 3. e4 dxe4
D00	Queen's Pawn Game: Chigorin Variation, Fianchetto Defense	1. d4 g6 2. Nf3 Bg7 3. Nc3 d5
D01	Rapport-Jobava System	1. d4 d5 2. Nc3 Nf6 3. Bf4 e6
D01	Rapport-Jobava System	1. d4 d5 2. Nc3 Nf6 3. Bf4 g6
D01	Richter-Veresov Attack	1. d4 Nf6 2. Nc3 d5 3. Bg5 Bf5
D01	Richter-Veresov Attack: Boyce Defense	1. d4 Nf6 2. Nc3 d5 3. Bg5 Ne4
D01	Richter-Veresov Attack: Richter Variation	1. d4 Nf6 2. Nc3 d5 3. Bg5 Bf5 4. f3
D01	Richter-Veresov Attack: Two Knights System	1. d4 Nf6 2. Nc3 d5 3. Bg5 Nbd7 4. Nf3
D01	Richter-Veresov Attack: Two Knights System, Grünfeld Defense	1. d4 Nf6 2. Nc3 d5 3. Bg5 Nbd7 4. Nf3 g6
D01	Richter-Veresov Attack: Veresov Variation	1. d4 Nf6 2. Nc3 d5 3. Bg5 Bf5 4. Bxf6
D02	London System: Poisoned Pawn Variation	1. d4 Nf6 2. Nf3 d5 3. Bf4 c5 4. e3 Qb6 5. Nc3
D02	Queen's Gambit Declined: Baltic Defense, Pseudo-Slav	1. d4 d5 2. Nf3 Bf5 3. c4 e6 4. Nc3 c6
D02	Queen's Pawn Game: Chandler Gambit	1. d4 d5 2. Nf3 c5 3. g3 cxd4 4. Bg2
D02	Queen's Pawn Game: Levitsky Attack, Euwe Variation, Modern Line	1. d4 d5 2. Nf3 c6 3. Bg5 h6 4. Bh4 Qb6
D02	Queen's Pawn Game: London System	1. d4 d5 2. Nf3 Nf6 3. Bf4 c5 4. e3
D02	Queen's Pawn Game: London System	1. d4 d5 2. Nf3 Nf6 3. Bf4 c5 4. e3 Nc6 5. Nbd2
D02	Queen's Pawn Game: London System	1. d4 d5 2. Nf3 Nf6 3. Bf4 c5 4. e3 Nc6 5. Nbd2 e6 6. c3
D02	Queen's Pawn Game: London System, with e6	1. d4 d5 2. Nf3 e6 3. Bf4 Nf6
D02	Queen's Pawn Game: Symmetrical Variation, Pseudo-Catalan	1. d4 d5 2. Nf3 Nf6 3. g3 c6 4. Bg2 Bg4
D02	Queen's Pawn Game: Symmetrical Variation, Pseudo-Catalan	1. Nf3 d5 2. g3 c6 3. Bg2 Nf6 4. O-O Bg4 5. d4 e6
D03	Queen's Pawn Game: Torre Attack	1. d4 d5 2. Nf3 Nf6 3. Bg5 e6 4. e3 c5 5. Nbd2
D03	Queen's Pawn Game: Torre Attack	1. d4 d5 2. Nf3 Nf6 3. Bg5 e6 4. e3 c5 5. Nbd2 Nc6 6. c3
D03	Queen's Pawn Game: Torre Attack	1. d4 d5 2. Nf3 Nf6 3. Bg5 e6 4. e3 c5 5. c3 Nbd7
D03	Queen's Pawn Game: Torre Attack	1. d4 d5 2. Nf3 Nf6 3. Bg5 e6 4. e3 c5 5. c3 Nbd7 6. Nbd2
D03	Queen's Pawn Game: Torre Attack	1. d4 d5 2. Nf3 Nf6 3. Bg5 e6 4. e3 c5 5. c3 Nbd7 6. Nbd2 Bd6
D03	Queen's Pawn Game: Torre Attack	1. d4 d5 2. Nf3 Nf6 3. Bg5 e6 4. e3 c5 5. c3 Nbd7 6. Nbd2 Be7
D03	Queen's Pawn Game: Torre Attack	1. d4 d5 2. Nf3 Nf6 3. Bg5 e6 4. e3 c5 5. c3 Nc6
D03	Queen's Pawn Game: Torre Attack	1. d4 d5 2. Nf3 Nf6 3. Bg5 e6 4. e3 c5 5. c3 Nc6 6. Bd3
D03	Queen's Pawn Game: Torre Attack	1. d4 d5 2. Nf3 Nf6 3. Bg5 e6 4. e3 Nbd7 5. Bd3
D03	Queen's Pawn Game: Torre Attack	1. d4 d5 2. Nf3 Nf6 3. Bg5 e6 4. Nbd2 Be7 5. c3 Nbd7 6. e3
D03	Queen's Pawn Game: Torre Attack, Gossip Variation	1. d4 d5 2. Nf3 Nf6 3. Bg5 Ne4
D03	Queen's Pawn Game: Torre Attack, Grünfeld Variation	1. d4 d5 2. Nf3 Nf6 3. Bg5 g6
D03	Queen's Pawn Game: Torre Attack, Grünfeld Variation	1. d4 d5 2. Nf3 Nf6 3. Bg5 g6 4. e3
D04	Queen's Pawn Game: Colle System, Anti-Colle	1. d4 d5 2. Nf3 Nf6 3. e3 Bf5
D04	Queen's Pawn Game: Colle System, Grünfeld Formation	1. d4 d5 2. Nf3 Nf6 3. e3 g6 4. Bd3 Bg7
D05	Queen's Pawn Game: Colle System	1. d4 d5 2. Nf3 Nf6 3. e3 e6
D05	Queen's Pawn Game: Colle System	1. d4 d5 2. Nf3 Nf6 3. e3 e6 4. Bd3
D05	Queen's Pawn Game: Colle System	1. d4 d5 2. Nf3 Nf6 3. e3 e6 4. b3
D05	Queen's Pawn Game: Colle System	1. d4 d5 2. Nf3 Nf6 3. e3 e6 4. b3 c5 5. Bb2 Nc6
D05	Queen's Pawn Game: Colle System	1. d4 d5 2. Nf3 Nf6 3. e3 e6 4. b3 c5 5. Bb2 Nc6 6. Bd3
D05	Queen's Pawn Game: Colle System	1. d4 d5 2. Nf3 Nf6 3. e3 e6 4. b3 c5 5. Bb2 Nc6 6. Nbd2
D05	Queen's Pawn Game: Colle System, Traditional Colle	1. d4 Nf6 2. Nf3 e6 3. e3 c5 4. Bd3 d5 5. c3
D05	Queen's Pawn Game: Zukertort Variation	1. d4 d5 2. Nf3 c5 3. e3 Nf6 4. Nbd2 e6 5. b3
D05	Rubinstein Opening	1. d4 Nf6 2. Nf3 e6 3. e3 c5 4. Bd3 d5 5. b3
D06	Queen's Gambit Declined: Austrian Attack, Salvio Countergambit	1. d4 d5 2. c4 c5 3. dxc5 d4
D06	Queen's Gambit Declined: Baltic Defense, Pseudo-Chigorin	1. d4 d5 2. c4 Bf5 3. Nc3 e6 4. Nf3 Nc6
D06	Queen's Gambit Declined: Baltic Defense, Queen Attack Deferred	1. d4 d5 2. c4 Bf5 3. Nc3 e6 4. Qb3
D07	Queen's Gambit Declined: Chigorin Defense, Exchange Variation	1. d4 d5 2. c4 Nc6 3. cxd5 Qxd5
D07	Queen's Gambit Declined: Chigorin Defense, Main Line, Alekhine Variation	1. d4 d5 2. c4 Nc6 3. Nf3 Bg4 4. Qa4
D07	Queen's Gambit Declined: Chigorin Defense, Tartakower Gambit	1. d4 d5 2. c4 Nc6 3. Nc3 e5
D08	Queen's Gambit Declined: Albin Countergambit, Lasker Trap	1. d4 d5 2. c4 e5 3. dxe5 d4 4. e3 Bb4+ 5. Bd2 dxe3
D08	Queen's Gambit Declined: Albin Countergambit, Spassky Variation	1. d4 d5 2. c4 e5 3. dxe5 d4 4. e4
D10	Slav Defense	1. d4 d5 2. c4 c6 3. Nc3 dxc4
D10	Slav Defense: Exchange Variation, Boor Attack	1. d4 d5 2. c4 c6 3. cxd5 cxd5 4. Nc3 Nf6 5. f3
D10	Slav Defense: Slav Gambit, Alekhine Attack	1. d4 d5 2. c4 c6 3. Nc3 dxc4 4. e4
D11	Slav Defense: Bonet Gambit	1. d4 d5 2. c4 c6 3. Nf3 Nf6 4. Bg5
D11	Slav Defense: Breyer Variation	1. d4 d5 2. c4 c6 3. Nf3 Nf6 4. Nbd2
D11	Slav Defense: Modern Line	1. d4 d5 2. c4 c6 3. Nf3 Nf6 4. g3 dxc4 5. Bg2 g6
D11	Slav Defense: Modern Line	1. d4 d5 2. c4 c6 3. Nf3 Nf6 4. g3 Bg4 5. Bg2 e6 6. O-O
D11	Slav Defense: Modern Line	1. d4 d5 2. Nf3 Nf6 3. g3 c6 4. Bg2 Bg4 5. O-O Nbd7 6. c4
D11	Slav Defense: Quiet Variation	1. d4 d5 2. c4 c6 3. Nf3 Nf6 4. e3
D11	Slav Defense: Quiet Variation, Pin Defense	1. d4 d5 2. c4 c6 3. Nf3 Nf6 4. e3 Bg4
D12	Slav Defense: Quiet Variation, Schallopp Defense	1. d4 d5 2. c4 c6 3. Nf3 Nf6 4. e3 Bf5
D12	Slav Defense: Quiet Variation, Schallopp Defense	1. d4 d5 2. c4 c6 3. Nf3 Nf6 4. e3 Bf5 5. Nc3 e6
D13	Slav Defense: Exchange Variation	1. d4 d5 2. c4 c6 3. Nf3 Nf6 4. cxd5 cxd5
D13	Slav Defense: Exchange Variation, Schallopp Variation	1. d4 d5 2. c4 c6 3. Nf3 Nf6 4. e3 Bf5 5. cxd5 cxd5 6. Nc3
D14	Slav Defense: Exchange Variation, Symmetrical Line	1. d4 d5 2. c4 c6 3. cxd5 cxd5 4. Nc3 Nf6 5. Nf3 Nc6 6. Bf4 Bf5
D15	Slav Defense: Alekhine Variation	1. d4 d5 2. c4 c6 3. Nf3 Nf6 4. Nc3 dxc4 5. e3
D15	Slav Defense: Chebanenko Variation	1. d4 d5 2. c4 c6 3. Nf3 Nf6 4. Nc3 a6
D15	Slav Defense: Chebanenko Variation	1. d4 d5 2. c4 c6 3. Nf3 Nf6 4. Nc3 a6 5. e3 Bf5
D15	Slav Defense: Chebanenko Variation, Advance System	1. d4 d5 2. c4 c6 3. Nf3 Nf6 4. Nc3 a6 5. c5
D15	Slav Defense: Geller Gambit	1. d4 d5 2. c4 c6 3. Nf3 Nf6 4. Nc3 dxc4 5. e4
D15	Slav Defense: Geller Gambit	1. d4 d5 2. c4 c6 3. Nf3 Nf6 4. Nc3 dxc4 5. e4 b5 6. e5
D15	Slav Defense: Schlechter Variation	1. d4 d5 2. c4 c6 3. Nf3 Nf6 4. Nc3 g6
D15	Slav Defense: Three Knights Variation	1. d4 d5 2. c4 c6 3. Nf3 Nf6 4. Nc3
D15	Slav Defense: Two Knights Attack	1. d4 d5 2. c4 c6 3. Nf3 Nf6 4. Nc3 dxc4
D16	Slav Defense: Alapin Variation	1. d4 d5 2. c4 c6 3. Nf3 Nf6 4. Nc3 dxc4 5. a4
D17	Slav Defense: Czech Variation	1. d4 d5 2. c4 c6 3. Nf3 Nf6 4. Nc3 dxc4 5. a4 Bf5
D17	Slav Defense: Czech Variation, Bled Attack	1. d4 d5 2. c4 c6 3. Nf3 Nf6 4. Nc3 dxc4 5. a4 Bf5 6. Nh4
D17	Slav Defense: Czech Variation, Krause Attack	1. d4 d5 2. c4 c6 3. Nf3 Nf6 4. Nc3 dxc4 5. a4 Bf5 6. Ne5
D17	Slav Defense: Czech Variation, Wiesbaden Variation	1. d4 d5 2. c4 c6 3. Nf3 Nf6 4. Nc3 dxc4 5. a4 Bf5 6. Ne5 e6
D18	Slav Defense: Czech Variation, Classical System	1. d4 d5 2. c4 c6 3. Nf3 Nf6 4. Nc3 dxc4 5. a4 Bf5 6. e3
D20	Queen's Gambit Accepted: Central Variation, McDonnell Defense	1. d4 d5 2. c4 dxc4 3. e4 e5
D20	Queen's Gambit Accepted: Central Variation, McDonnell Defense, Somov Gambit	1. d4 d5 2. c4 dxc4 3. e4 e5 4. Bxc4
D20	Queen's Gambit Accepted: Old Variation, Billinger Gambit	1. d4 d5 2. c4 dxc4 3. e3 e5 4. Bxc4 exd4 5. Qb3 Qe7 6. a3
D20	Queen's Gambit Accepted: Old Variation, Christensen Gambit	1. d4 d5 2. c4 dxc4 3. e3 e5 4. Bxc4 exd4 5. Qb3 Qe7 6. Nf3
D20	Queen's Gambit Accepted: Old Variation, Korchnoi Gambit	1. d4 d5 2. c4 dxc4 3. e3 e5 4. Bxc4 exd4 5. Qb3 Qe7 6. Kf1
D21	Queen's Gambit Accepted: Alekhine Defense, Borisenko-Furman Variation	1. d4 d5 2. c4 dxc4 3. Nf3 a6 4. e4
D21	Queen's Gambit Accepted: Gunsberg Defense	1. d4 d5 2. c4 dxc4 3. Nf3 c5
D21	Queen's Gambit Accepted: Rosenthal Variation	1. d4 d5 2. c4 dxc4 3. Nf3 e6
D22	Queen's Gambit Accepted: Alekhine Defense	1. d4 d5 2. c4 dxc4 3. Nf3 a6
D22	Queen's Gambit Accepted: Alekhine Defense, Alatortsev Variation	1. d4 d5 2. c4 dxc4 3. Nf3 a6 4. e3 Bg4 5. Bxc4 e6 6. d5
D22	Queen's Gambit Accepted: Alekhine Defense, Haberditz Variation	1. d4 d5 2. c4 dxc4 3. Nf3 a6 4. e3 b5
D23	Queen's Gambit Accepted	1. d4 d5 2. c4 dxc4 3. Nf3 Nf6
D23	Queen's Gambit Accepted: Mannheim Variation	1. d4 d5 2. c4 dxc4 3. Nf3 Nf6 4. Qa4+
D24	Queen's Gambit Accepted	1. d4 d5 2. c4 e6 3. Nf3 Nf6 4. Nc3 dxc4 5. e4
D24	Queen's Gambit Accepted	1. d4 d5 2. c4 e6 3. Nf3 Nf6 4. Nc3 dxc4 5. Bg5
D24	Queen's Gambit Accepted: Bogoljubow Defense	1. d4 d5 2. c4 dxc4 3. Nf3 Nf6 4. Nc3 a6 5. e4
D24	Queen's Gambit Accepted: Showalter Variation	1. d4 d5 2. c4 dxc4 3. Nf3 Nf6 4. Nc3
D25	Queen's Gambit Accepted: Normal Variation	1. d4 d5 2. c4 dxc4 3. Nf3 Nf6 4. e3
D26	Queen's Gambit Accepted: Classical Defense	1. d4 d5 2. c4 dxc4 3. Nf3 Nf6 4. e3 e6 5. Bxc4 c5
D26	Queen's Gambit Accepted: Classical Defense, Normal Line	1. d4 d5 2. c4 dxc4 3. Nf3 Nf6 4. e3 e6 5. Bxc4 c5 6. O-O
D26	Queen's Gambit Accepted: Classical Defense, Steinitz Variation, Development Variation	1. d4 d5 2. c4 dxc4 3. Nf3 Nf6 4. e3 e6 5. Bxc4 c5 6. O-O Nc6
D26	Queen's Gambit Accepted: Classical Defense, Steinitz Variation, Exchange Variation	1. d4 d5 2. c4 dxc4 3. Nf3 Nf6 4. e3 e6 5. Bxc4 c5 6. O-O cxd4
D26	Queen's Gambit Accepted: Normal Variation, Traditional System	1. d4 d5 2. c4 dxc4 3. Nf3 Nf6 4. e3 e6
D26	Queen's Gambit Accepted: Normal Variation, Traditional System	1. d4 d5 2. c4 dxc4 3. Nf3 Nf6 4. e3 e6 5. Bxc4 Be7 6. O-O a6
D27	Queen's Gambit Accepted: Classical Defense, Main Line	1. d4 d5 2. c4 dxc4 3. Nf3 Nf6 4. e3 e6 5. Bxc4 c5 6. O-O a6
D30	Queen's Gambit Declined: Capablanca Variation	1. d4 Nf6 2. c4 e6 3. Nf3 d5 4. Bg5 h6
D30	Queen's Gambit Declined: Capablanca Variation	1. d4 Nf6 2. Nf3 e6 3. c4 d5 4. Bg5 c6 5. Nbd2 Nbd7 6. e3
D30	Queen's Gambit Declined: Semmering Variation	1. d4 d5 2. c4 c6 3. Nf3 Nf6 4. e3 e6 5. Nbd2 Nbd7 6. Bd3 c5
D30	Queen's Gambit Declined: Tarrasch Defense, Pseudo-Tarrasch	1. d4 d5 2. c4 e6 3. Nf3 c5
D30	Queen's Gambit Declined: Tarrasch Defense, Pseudo-Tarrasch Bishop Attack	1. d4 d5 2. c4 e6 3. Nf3 c5 4. cxd5 exd5 5. Bg5
D30	Queen's Gambit Declined: Traditional Variation	1. d4 Nf6 2. c4 e6 3. Nf3 d5 4. Bg5
D30	Queen's Gambit Declined: Vienna Variation	1. d4 Nf6 2. c4 e6 3. Nf3 d5 4. Bg5 Bb4+
D30	Semi-Slav Defense: Quiet Variation	1. d4 d5 2. c4 c6 3. Nf3 Nf6 4. e3 e6 5. Nbd2
D30	Semi-Slav Defense: Quiet Variation	1. d4 d5 2. c4 c6 3. Nf3 Nf6 4. e3 e6 5. Nbd2 Nbd7
D31	Queen's Gambit Declined: Charousek Variation	1. d4 d5 2. c4 e6 3. Nc3 Be7
D31	Queen's Gambit Declined: Janowski Variation	1. d4 d5 2. c4 e6 3. Nc3 a6
D31	Semi-Slav Defense: Anti-Noteboom, Stonewall Variation	1. d4 d5 2. c4 e6 3. Nc3 c6 4. e3 f5
D31	Semi-Slav Defense: Anti-Noteboom, Stonewall Variation, Portisch Gambit	1. d4 d5 2. c4 e6 3. Nc3 c6 4. e3 f5 5. g4
D31	Semi-Slav Defense: Marshall Gambit, Forgotten Variation	1. d4 d5 2. c4 e6 3. Nc3 c6 4. e4 dxe4 5. Nxe4 Bb4+ 6. Nc3
D31	Semi-Slav Defense: Marshall Gambit, Main Line	1. d4 d5 2. c4 e6 3. Nc3 c6 4. e4 dxe4 5. Nxe4 Bb4+ 6. Bd2
D31	Semi-Slav Defense: Noteboom Variation	1. d4 d5 2. c4 e6 3. Nc3 c6 4. Nf3 dxc4
D31	Semi-Slav Defense: Noteboom Variation, Anti-Noteboom Gambit	1. d4 d5 2. c4 e6 3. Nc3 c6 4. Nf3 dxc4 5. g3
D31	Semi-Slav Defense: Noteboom Variation, Anti-Noteboom Variation	1. d4 d5 2. c4 e6 3. Nc3 c6 4. Nf3 dxc4 5. Bg5
D32	Queen's Gambit Declined: Tarrasch Defense	1. d4 d5 2. c4 e6 3. Nc3 c5 4. cxd5 exd5
D32	Queen's Gambit Declined: Tarrasch Defense	1. d4 d5 2. c4 e6 3. Nc3 c5 4. cxd5 exd5 5. Nf3 Nc6 6. Bg5 Be7
D32	Tarrasch Defense	1. d4 d5 2. c4 e6 3. Nc3 c5
D32	Tarrasch Defense: Marshall Gambit	1. d4 d5 2. c4 e6 3. Nc3 c5 4. cxd5 exd5 5. e4
D32	Tarrasch Defense: Symmetrical Variation	1. d4 d5 2. c4 e6 3. Nc3 c5 4. e3 Nf6 5. Nf3 Nc6
D32	Tarrasch Defense: Symmetrical Variation	1. c4 c5 2. Nf3 Nc6 3. Nc3 Nf6 4. e3 e6 5. d4 d5 6. cxd5 exd5
D32	Tarrasch Defense: Two Knights Variation	1. d4 d5 2. c4 e6 3. Nc3 c5 4. cxd5 exd5 5. Nf3
D33	Tarrasch Defense: Prague Variation	1. d4 d5 2. c4 e6 3. Nc3 c5 4. cxd5 exd5 5. Nf3 Nc6 6. g3 Nf6
D33	Tarrasch Defense: Rubinstein System	1. d4 d5 2. c4 e6 3. Nc3 c5 4. cxd5 exd5 5. Nf3 Nc6 6. g3
D33	Tarrasch Defense: Swedish Variation	1. d4 d5 2. c4 e6 3. Nc3 c5 4. cxd5 exd5 5. Nf3 Nc6 6. g3 c4
D35	Queen's Gambit Declined: Exchange Variation	1. d4 Nf6 2. c4 e6 3. Nc3 d5 4. cxd5
D35	Queen's Gambit Declined: Exchange Variation	1. d4 Nf6 2. c4 e6 3. Nf3 d5 4. e3 b6 5. Nc3 Bd6 6. cxd5 exd5
D35	Queen's Gambit Declined: Exchange Variation, Positional Variation	1. d4 Nf6 2. c4 e6 3. Nc3 d5 4. cxd5 exd5 5. Bg5
D35	Queen's Gambit Declined: Exchange Variation, Positional Variation	1. d4 Nf6 2. c4 e6 3. Nc3 d5 4. cxd5 exd5 5. Bg5 c6
D35	Queen's Gambit Declined: Exchange Variation, Sämisch Variation	1. d4 Nf6 2. c4 e6 3. Nf3 d5 4. Nc3 Nbd7 5. cxd5 exd5 6. Bf4
D35	Queen's Gambit Declined: Harrwitz Attack	1. d4 d5 2. c4 e6 3. Nc3 Nf6 4. Bf4
D35	Queen's Gambit Declined: Normal Defense	1. d4 d5 2. c4 e6 3. Nc3 Nf6
D36	Queen's Gambit Declined: Exchange Variation, Reshevsky Variation	1. d4 Nf6 2. c4 e6 3. Nc3 d5 4. cxd5 exd5 5. Bg5 c6 6. Qc2
D37	Queen's Gambit Declined: Barmen Variation	1. d4 Nf6 2. c4 e6 3. Nf3 d5 4. Nc3 Nbd7
D37	Queen's Gambit Declined: Harrwitz Attack	1. d4 Nf6 2. c4 e6 3. Nf3 d5 4. Nc3 Be7 5. Bf4
D37	Queen's Gambit Declined: Harrwitz Attack, Fianchetto Defense	1. d4 d5 2. c4 e6 3. Nc3 Be7 4. Nf3 Nf6 5. Bf4 O-O 6. e3 b6
D37	Queen's Gambit Declined: Harrwitz Attack, Two Knights Defense	1. d4 Nf6 2. c4 e6 3. Nf3 d5 4. Nc3 Be7 5. Bf4 O-O 6. e3 Nbd7
D37	Queen's Gambit Declined: Knight Defense, Alekhine Gambit	1. d4 Nf6 2. c4 e6 3. Nf3 d5 4. Nc3 Nbd7 5. Bg5 h6 6. Bh4 dxc4
D37	Queen's Gambit Declined: Miles Variation	1. d4 Nf6 2. c4 e6 3. Nf3 d5 4. Nc3 Be7 5. Bg5 O-O 6. Qc2
D37	Queen's Gambit Declined: Three Knights Variation	1. d4 Nf6 2. c4 e6 3. Nf3 d5 4. Nc3
D37	Queen's Gambit Declined: Three Knights Variation	1. d4 d5 2. c4 e6 3. Nc3 Nf6 4. Nf3 Be7 5. e3 O-O
D37	Queen's Gambit Declined: Three Knights, Vienna Variation	1. d4 Nf6 2. c4 e6 3. Nf3 d5 4. Nc3 dxc4
D37	Queen's Gambit Declined: Vienna Variation, Quiet Variation	1. d4 Nf6 2. c4 e6 3. Nf3 d5 4. Nc3 dxc4 5. e3
D38	Queen's Gambit Declined: Ragozin Defense	1. d4 Nf6 2. c4 e6 3. Nf3 d5 4. Nc3 Bb4
D38	Queen's Gambit Declined: Ragozin Defense, Alekhine Variation	1. d4 Nf6 2. c4 e6 3. Nf3 d5 4. Nc3 Bb4 5. Qa4+
D38	Queen's Gambit Declined: Westphalian Variation	1. d4 Nf6 2. c4 e6 3. Nf3 d5 4. Nc3 Bb4 5. Bg5 Nbd7 6. e3 c5
D39	Queen's Gambit Declined: Ragozin Defense, Vienna Variation	1. d4 Nf6 2. c4 e6 3. Nf3 d5 4. Nc3 Bb4 5. Bg5 dxc4
D40	Queen's Gambit Declined: Semi-Tarrasch Defense	1. d4 Nf6 2. c4 e6 3. Nf3 d5 4. Nc3 c5
D40	Queen's Gambit Declined: Semi-Tarrasch Defense, Pillsbury Variation	1. d4 d5 2. c4 e6 3. Nc3 Nf6 4. Nf3 c5 5. Bg5
D40	Queen's Gambit Declined: Semi-Tarrasch Defense, with e3	1. d4 d5 2. c4 c5 3. Nf3 Nf6 4. Nc3 e6 5. e3 Nc6 6. Bd3
D41	Queen's Gambit Declined: Semi-Tarrasch Defense	1. c4 c5 2. Nf3 Nf6 3. Nc3 Nc6 4. g3 d5 5. d4 e6
D41	Queen's Gambit Declined: Semi-Tarrasch Defense	1. d4 Nf6 2. c4 e6 3. Nf3 d5 4. Nc3 c5 5. cxd5
D41	Queen's Gambit Declined: Semi-Tarrasch Defense	1. d4 Nf6 2. c4 e6 3. Nf3 d5 4. Nc3 c5 5. cxd5 Nxd5 6. g3
D41	Queen's Gambit Declined: Semi-Tarrasch Defense, Exchange Variation	1. d4 Nf6 2. c4 e6 3. Nf3 d5 4. Nc3 c5 5. cxd5 Nxd5 6. e4
D41	Queen's Gambit Declined: Semi-Tarrasch Defense, Pillsbury Variation	1. d4 Nf6 2. c4 e6 3. Nf3 d5 4. Nc3 c5 5. cxd5 Nxd5 6. e3
D43	Semi-Slav Defense	1. d4 d5 2. c4 c6 3. Nf3 Nf6 4. Nc3 e6
D43	Semi-Slav Defense: Anti-Moscow Gambit	1. d4 d5 2. c4 c6 3. Nf3 Nf6 4. Nc3 e6 5. Bg5 h6 6. Bh4
D43	Semi-Slav Defense: Moscow Variation	1. d4 d5 2. c4 c6 3. Nf3 Nf6 4. Nc3 e6 5. Bg5 h6 6. Bxf6 Qxf6
D45	Semi-Slav Defense: Accelerated Meran Variation	1. d4 d5 2. c4 c6 3. Nc3 Nf6 4. e3 e6 5. Nf3 a6
D45	Semi-Slav Defense: Main Line	1. d4 d5 2. c4 c6 3. Nc3 Nf6 4. e3 e6 5. Nf3
D45	Semi-Slav Defense: Normal Variation	1. d4 d5 2. c4 c6 3. Nc3 Nf6 4. e3 e6 5. Nf3 Nbd7
D45	Semi-Slav Defense: Rubinstein System	1. d4 d5 2. c4 e6 3. Nc3 c6 4. Nf3 Nf6 5. e3 Nbd7 6. Ne5
D45	Semi-Slav Defense: Stoltz Variation	1. d4 d5 2. c4 c6 3. Nc3 Nf6 4. e3 e6 5. Nf3 Nbd7 6. Qc2
D46	Semi-Slav Defense: Main Line	1. d4 d5 2. c4 c6 3. Nc3 Nf6 4. e3 e6 5. Nf3 Nbd7 6. Bd3
D50	Queen's Gambit Declined: Modern Variation	1. d4 d5 2. c4 e6 3. Nc3 Nf6 4. Bg5
D50	Queen's Gambit Declined: Pseudo-Tarrasch Variation	1. d4 d5 2. c4 e6 3. Nc3 Nf6 4. Bg5 c5 5. cxd5
D50	Queen's Gambit Declined: Pseudo-Tarrasch Variation, Primitive Pillsbury Variation	1. d4 d5 2. c4 e6 3. Nc3 Nf6 4. Bg5 c5 5. Nf3 cxd4 6. Qxd4
D51	Queen's Gambit Declined: Alekhine Variation	1. d4 d5 2. c4 e6 3. Nc3 Nf6 4. Bg5 Nbd7 5. Nf3 c6 6. e4
D51	Queen's Gambit Declined: Capablanca Variation, Anti-Cambridge Springs Variation	1. d4 d5 2. c4 e6 3. Nc3 Nf6 4. Bg5 Nbd7 5. e3 c6 6. a3
D51	Queen's Gambit Declined: Manhattan Variation	1. d4 d5 2. c4 e6 3. Nc3 Nf6 4. Bg5 Nbd7 5. e3 Bb4
D51	Queen's Gambit Declined: Modern Variation, Knight Defense	1. d4 d5 2. c4 e6 3. Nc3 Nf6 4. Bg5 Nbd7
D51	Queen's Gambit Declined: Modern Variation, Knight Defense	1. d4 d5 2. c4 e6 3. Nc3 Nf6 4. Bg5 Nbd7 5. e3
D51	Queen's Gambit Declined: Modern Variation, Knight Defense	1. d4 d5 2. c4 e6 3. Nc3 Nf6 4. Bg5 Nbd7 5. e3 c6
D52	Queen's Gambit Declined	1. d4 d5 2. c4 c6 3. Nf3 Nf6 4. Nc3 e6 5. Bg5 Nbd7 6. e3
D52	Queen's Gambit Declined: Cambridge Springs Defense	1. d4 d5 2. c4 c6 3. Nf3 Nf6 4. Nc3 e6 5. Bg5 Nbd7 6. e3 Qa5
D53	Queen's Gambit Declined	1. d4 d5 2. c4 e6 3. Nc3 Nf6 4. Bg5 Be7
D53	Queen's Gambit Declined	1. d4 d5 2. c4 e6 3. Nc3 Nf6 4. Bg5 Be7 5. Nf3
D53	Queen's Gambit Declined	1. d4 d5 2. c4 e6 3. Nf3 Nf6 4. Nc3 dxc4 5. Bg5 Be7
D53	Queen's Gambit Declined	1. d4 d5 2. c4 e6 3. Nf3 Nf6 4. Nc3 dxc4 5. Bg5 Be7 6. e4
D53	Queen's Gambit Declined: Modern Variation, Heral Variation	1. d4 d5 2. c4 e6 3. Nc3 Nf6 4. Bg5 Be7 5. Bxf6
D54	Queen's Gambit Declined: Neo-Orthodox Variation	1. d4 Nf6 2. c4 e6 3. Nc3 d5 4. Bg5 Be7 5. e3 O-O 6. Rc1
D55	Queen's Gambit Declined: Modern Variation, Normal Line	1. d4 Nf6 2. c4 e6 3. Nf3 d5 4. Nc3 Be7 5. Bg5 O-O 6. e3
D55	Queen's Gambit Declined: Neo-Orthodox Variation	1. d4 Nf6 2. c4 e6 3. Nf3 d5 4. Nc3 Be7 5. Bg5 O-O 6. e3 h6
D60	Queen's Gambit Declined: Orthodox Defense	1. d4 Nf6 2. c4 e6 3. Nf3 d5 4. Nc3 Be7 5. Bg5 O-O 6. e3 Nbd7
D70	Neo-Grünfeld Defense: Goglidze Attack	1. d4 Nf6 2. c4 g6 3. f3 d5
D70	Neo-Grünfeld Defense: with g3	1. d4 Nf6 2. c4 g6 3. g3 d5
D71	Neo-Grünfeld Defense: Exchange Variation	1. c4 Nf6 2. g3 g6 3. Bg2 Bg7 4. d4 d5 5. cxd5 Nxd5 6. Nf3
D73	Neo-Grünfeld Defense: with g3	1. d4 Nf6 2. c4 g6 3. g3 d5 4. Bg2 Bg7 5. Nf3
D77	Neo-Grünfeld Defense: Classical Variation	1. d4 Nf6 2. Nf3 g6 3. g3 Bg7 4. Bg2 O-O 5. O-O d5 6. c4
D77	Neo-Grünfeld Defense: Classical Variation, Modern Defense	1. d4 Nf6 2. Nf3 g6 3. g3 Bg7 4. Bg2 O-O 5. O-O d5 6. c4 dxc4
D78	Neo-Grünfeld Defense: Classical Variation, Original Defense	1. d4 Nf6 2. c4 g6 3. Nf3 Bg7 4. g3 O-O 5. Bg2 c6 6. O-O d5
D80	Grünfeld Defense	1. d4 Nf6 2. c4 g6 3. Nc3 d5
D80	Grünfeld Defense: Lutikov Variation	1. d4 Nf6 2. c4 g6 3. Nc3 d5 4. f3
D80	Grünfeld Defense: Stockholm Variation	1. d4 Nf6 2. c4 g6 3. Nc3 d5 4. Bg5
D80	Grünfeld Defense: Zaitsev Gambit	1. d4 Nf6 2. c4 g6 3. Nc3 d5 4. h4
D81	Grünfeld Defense: Russian Variation, Accelerated Variation	1. d4 Nf6 2. c4 g6 3. Nc3 d5 4. Qb3
D82	Grünfeld Defense: Brinckmann Attack	1. d4 Nf6 2. c4 g6 3. Nc3 d5 4. Bf4
D83	Grünfeld Defense: Brinckmann Attack, Grünfeld Gambit	1. d4 Nf6 2. c4 g6 3. Nc3 d5 4. Bf4 Bg7 5. e3 O-O
D83	Grünfeld Defense: Brinckmann Attack, Grünfeld Gambit, Capablanca Variation	1. d4 Nf6 2. c4 g6 3. Nc3 d5 4. Bf4 Bg7 5. e3 O-O 6. Rc1
D85	Grünfeld Defense: Exchange Variation	1. d4 Nf6 2. c4 g6 3. Nc3 d5 4. cxd5 Nxd5
D85	Grünfeld Defense: Exchange Variation, Nadanian Attack	1. d4 Nf6 2. c4 g6 3. Nc3 d5 4. cxd5 Nxd5 5. Na4
D90	Grünfeld Defense: Flohr Variation	1. d4 Nf6 2. c4 g6 3. Nc3 d5 4. Nf3 Bg7 5. Qa4+
D90	Grünfeld Defense: Three Knights Variation	1. d4 Nf6 2. c4 g6 3. Nc3 d5 4. Nf3
D90	Grünfeld Defense: Three Knights Variation	1. d4 Nf6 2. c4 g6 3. Nc3 d5 4. Nf3 Bg7
D91	Grünfeld Defense: Three Knights Variation, Petrosian System	1. d4 Nf6 2. c4 g6 3. Nc3 d5 4. Nf3 Bg7 5. Bg5
D92	Grünfeld Defense: Three Knights Variation, Hungarian Attack	1. d4 Nf6 2. c4 g6 3. Nc3 d5 4. Nf3 Bg7 5. Bf4
D93	Grünfeld Defense: Three Knights Variation, Hungarian Variation	1. d4 Nf6 2. c4 g6 3. Nc3 d5 4. Nf3 Bg7 5. Bf4 O-O 6. e3
D94	Grünfeld Defense: Makogonov Variation	1. d4 Nf6 2. c4 g6 3. Nc3 d5 4. Nf3 Bg7 5. e3 O-O 6. b4
D94	Grünfeld Defense: Opocensky Variation	1. d4 Nf6 2. c4 g6 3. Nc3 d5 4. Nf3 Bg7 5. e3 O-O 6. Bd2
D94	Grünfeld Defense: Three Knights Variation, Burille Variation	1. d4 Nf6 2. c4 g6 3. Nc3 d5 4. Nf3 Bg7 5. e3
D94	Grünfeld Defense: Three Knights Variation, Paris Variation	1. d4 Nf6 2. c4 g6 3. Nc3 d5 4. Nf3 Bg7 5. e3 O-O 6. Bd3
D95	Grünfeld Defense: Botvinnik Variation	1. d4 Nf6 2. c4 g6 3. Nc3 d5 4. Nf3 Bg7 5. e3 O-O 6. Qb3 e6
D95	Grünfeld Defense: Three Knights Variation, Vienna Variation	1. d4 Nf6 2. c4 g6 3. Nc3 d5 4. Nf3 Bg7 5. e3 O-O 6. Qb3
D96	Grünfeld Defense: Russian Variation	1. d4 Nf6 2. c4 g6 3. Nc3 d5 4. Nf3 Bg7 5. Qb3
E00	Catalan Opening	1. d4 Nf6 2. c4 e6 3. g3 d5
E01	Catalan Opening: Open Defense	1. d4 Nf6 2. c4 e6 3. g3 d5 4. Bg2
E02	Catalan Opening: Open Defense	1. d4 Nf6 2. c4 e6 3. g3 d5 4. Bg2 dxc4
E03	Catalan Opening: Open Defense	1. d4 Nf6 2. c4 e6 3. g3 d5 4. Bg2 dxc4 5. Qa4+ Nbd7 6. Qxc4
E04	Catalan Opening: Open Defense	1. d4 Nf6 2. c4 e6 3. g3 d5 4. Bg2 dxc4 5. Nf3
E04	Catalan Opening: Open Defense	1. d4 Nf6 2. c4 e6 3. Nf3 d5 4. g3 c6 5. Bg2 dxc4
E04	Catalan Opening: Open Defense, Modern Sharp Variation	1. d4 Nf6 2. c4 e6 3. g3 d5 4. Bg2 dxc4 5. Nf3 Nc6 6. Qa4 Bb4+
E05	Catalan Opening: Open Defense, Classical Line	1. d4 Nf6 2. c4 e6 3. g3 d5 4. Bg2 dxc4 5. Nf3 Be7
E05	Catalan Opening: Open Defense, Classical Line	1. d4 Nf6 2. c4 e6 3. Nf3 d5 4. g3 Be7 5. Bg2 O-O 6. O-O dxc4
E06	Catalan Opening: Closed	1. d4 Nf6 2. c4 e6 3. g3 d5 4. Bg2 Be7 5. Nf3
E06	Catalan Opening: Closed	1. c4 e6 2. Nf3 d5 3. g3 Nf6 4. Bg2 Be7 5. d4 O-O 6. O-O c6
E07	Catalan Opening: Closed	1. d4 Nf6 2. c4 e6 3. g3 d5 4. Bg2 Be7 5. Nf3 O-O 6. O-O Nbd7
E10	Blumenfeld Countergambit: Spielmann Variation	1. d4 Nf6 2. c4 e6 3. Nf3 c5 4. d5 b5 5. Bg5 exd5 6. cxd5 h6
E10	Indian Defense: Dzindzi-Indian Defense	1. d4 Nf6 2. c4 e6 3. Nf3 a6
E11	Bogo-Indian Defense	1. d4 Nf6 2. c4 e6 3. Nf3 Bb4+
E11	Bogo-Indian Defense: Exchange Variation	1. d4 Nf6 2. c4 e6 3. Nf3 Bb4+ 4. Bd2 Bxd2+
E11	Bogo-Indian Defense: Grünfeld Variation	1. d4 Nf6 2. c4 e6 3. Nf3 Bb4+ 4. Nbd2
E11	Bogo-Indian Defense: New England Variation	1. d4 Nf6 2. c4 e6 3. Nf3 Bb4+ 4. Nfd2
E11	Bogo-Indian Defense: Nimzowitsch Variation	1. d4 Nf6 2. c4 e6 3. Nf3 Bb4+ 4. Bd2 Qe7
E11	Bogo-Indian Defense: Retreat Variation	1. d4 Nf6 2. c4 e6 3. Nf3 Bb4+ 4. Bd2 Be7
E11	Bogo-Indian Defense: Retreat Variation	1. d4 Nf6 2. c4 e6 3. g3 Bb4+ 4. Bd2 Be7 5. Bg2 d5 6. Nf3
E11	Bogo-Indian Defense: Retreat Variation	1. d4 Nf6 2. c4 e6 3. g3 Bb4+ 4. Bd2 Be7 5. Bg2 d5 6. Nf3 O-O
E11	Bogo-Indian Defense: Wade-Smyslov Variation	1. d4 Nf6 2. c4 e6 3. Nf3 Bb4+ 4. Bd2 a5
E12	Queen's Indian Defense	1. d4 Nf6 2. c4 e6 3. Nf3 b6
E12	Queen's Indian Defense: Kasparov Variation	1. d4 Nf6 2. c4 e6 3. Nf3 b6 4. Nc3
E12	Queen's Indian Defense: Kasparov-Petrosian Variation	1. d4 Nf6 2. c4 e6 3. Nf3 b6 4. a3 Bb7 5. Nc3
E12	Queen's Indian Defense: Kasparov-Petrosian Variation, Andersson Variation	1. d4 Nf6 2. c4 e6 3. Nf3 b6 4. a3 Bb7 5. Nc3 Ne4
E12	Queen's Indian Defense: Kasparov-Petrosian Variation, Classical Variation	1. d4 Nf6 2. c4 e6 3. Nf3 b6 4. a3 Bb7 5. Nc3 d5 6. cxd5 exd5
E12	Queen's Indian Defense: Kasparov-Petrosian Variation, Hedgehog Variation	1. d4 Nf6 2. c4 e6 3. Nf3 b6 4. a3 Bb7 5. Nc3 g6
E12	Queen's Indian Defense: Kasparov-Petrosian Variation, Main Line	1. d4 Nf6 2. c4 e6 3. Nf3 b6 4. a3 Bb7 5. Nc3 d5
E12	Queen's Indian Defense: Kasparov-Petrosian Variation, Modern Variation	1. d4 Nf6 2. c4 e6 3. Nf3 b6 4. a3 Bb7 5. Nc3 d5 6. cxd5 Nxd5
E12	Queen's Indian Defense: Miles Variation	1. d4 Nf6 2. c4 e6 3. Nf3 b6 4. Bf4
E12	Queen's Indian Defense: Petrosian Variation	1. d4 Nf6 2. c4 e6 3. Nf3 b6 4. a3
E12	Queen's Indian Defense: Petrosian Variation, Farago Defense	1. d4 Nf6 2. c4 e6 3. Nf3 b6 4. a3 Ba6 5. Qc2 Bb7
E13	Queen's Indian Defense: Kasparov Variation	1. d4 Nf6 2. c4 e6 3. Nf3 b6 4. Nc3 Bb4 5. Bg5 h6 6. Bh4 Bb7
E14	Queen's Indian Defense, with e3	1. d4 Nf6 2. Nf3 e6 3. e3 b6 4. Bd3 Bb7 5. O-O c5 6. c4
E14	Queen's Indian Defense, with e3	1. d4 Nf6 2. Nf3 e6 3. e3 b6 4. Bd3 Bb7 5. O-O c5 6. c4 Be7
E14	Queen's Indian Defense, with e3	1. d4 Nf6 2. c4 e6 3. Nf3 d5 4. e3 b6 5. Nc3 Bb7
E14	Queen's Indian Defense, with e3	1. d4 Nf6 2. c4 e6 3. Nf3 d5 4. e3 b6 5. Nc3 Bd6 6. Bd3
E14	Queen's Indian Defense, with e3	1. d4 Nf6 2. c4 e6 3. Nf3 d5 4. e3 Be7 5. Nc3 O-O 6. b3 b6
E14	Queen's Indian Defense, with e3	1. d4 Nf6 2. c4 e6 3. Nf3 d5 4. e3 Be7 5. b3 O-O 6. Bd3 b6
E14	Queen's Indian Defense, with e3, Bb4+ Line	1. d4 Nf6 2. c4 e6 3. Nf3 Bb4+ 4. Nbd2 b6 5. e3 Bb7
E14	Queen's Indian Defense: Spassky System	1. d4 Nf6 2. c4 e6 3. Nf3 b6 4. e3
E14	Queen's Indian Defense: Spassky System	1. d4 Nf6 2. c4 e6 3. Nf3 b6 4. e3 Bb7
E14	Queen's Indian Defense: Spassky System	1. d4 Nf6 2. c4 e6 3. Nf3 b6 4. e3 Bb7 5. Bd3
E14	Queen's Indian Defense: Spassky System	1. d4 Nf6 2. c4 e6 3. Nf3 b6 4. e3 Bb7 5. Bd3 d5
E14	Queen's Indian Defense: Spassky System3	1. d4 Nf6 2. c4 e6 3. Nf3 b6 4. e3 Bb7 5. Bd3 c5
E15	Queen's Indian Defense: Fianchetto Variation	1. d4 Nf6 2. c4 e6 3. Nf3 b6 4. g3
E15	Queen's Indian Defense: Fianchetto Variation, Check Variation	1. d4 Nf6 2. c4 e6 3. Nf3 b6 4. g3 Ba6 5. b3 Bb4+
E15	Queen's Indian Defense: Fianchetto Variation, Check Variation, Intermezzo Line	1. d4 Nf6 2. c4 e6 3. Nf3 b6 4. g3 Ba6 5. b3 Bb4+ 6. Bd2 Be7
E15	Queen's Indian Defense: Fianchetto Variation, Nimzowitsch Variation	1. d4 Nf6 2. c4 e6 3. Nf3 b6 4. g3 Ba6
E15	Queen's Indian Defense: Fianchetto Variation, Nimzowitsch Variation, Nimzowitsch Attack	1. d4 Nf6 2. c4 e6 3. Nf3 b6 4. g3 Ba6 5. Qa4
E15	Queen's Indian Defense: Fianchetto Variation, Nimzowitsch Variation, Quiet Line	1. d4 Nf6 2. c4 e6 3. Nf3 b6 4. g3 Ba6 5. b3
E15	Queen's Indian Defense: Fianchetto Variation, Nimzowitsch Variation, Timman's Line	1. d4 Nf6 2. c4 e6 3. Nf3 b6 4. g3 Ba6 5. Qb3
E15	Queen's Indian Defense: Fianchetto Variation, Traditional Line	1. d4 Nf6 2. c4 e6 3. Nf3 b6 4. g3 Bb7
E16	Queen's Indian Defense: Riumin Variation	1. d4 Nf6 2. c4 e6 3. Nf3 b6 4. g3 Bb7 5. Bg2 Bb4+ 6. Bd2 Be7
E17	Queen's Indian Defense: Anti-Queen's Indian System	1. d4 Nf6 2. c4 e6 3. Nf3 b6 4. g3 Bb7 5. Bg2 Be7 6. Nc3
E17	Queen's Indian Defense: Classical Variation	1. d4 Nf6 2. c4 e6 3. Nf3 b6 4. g3 Bb7 5. Bg2 Be7 6. O-O
E17	Queen's Indian Defense: Traditional Variation	1. d4 Nf6 2. c4 e6 3. Nf3 b6 4. g3 Bb7 5. Bg2 Be7
E20	Nimzo-Indian Defense	1. d4 Nf6 2. c4 e6 3. Nc3 Bb4
E20	Nimzo-Indian Defense: Kmoch Variation	1. d4 Nf6 2. c4 e6 3. Nc3 Bb4 4. f3
E20	Nimzo-Indian Defense: Mikenas Attack	1. d4 Nf6 2. c4 e6 3. Nc3 Bb4 4. Qd3
E20	Nimzo-Indian Defense: Romanishin Variation	1. d4 Nf6 2. c4 e6 3. Nc3 Bb4 4. g3
E20	Nimzo-Indian Defense: Romanishin Variation	1. d4 Nf6 2. c4 e6 3. Nc3 Bb4 4. Nf3 c5 5. g3 O-O 6. Bg2
E21	Nimzo-Indian Defense: Three Knights Variation	1. d4 Nf6 2. c4 e6 3. Nc3 Bb4 4. Nf3
E21	Nimzo-Indian Defense: Three Knights Variation, Euwe Variation	1. d4 Nf6 2. c4 e6 3. Nc3 Bb4 4. Nf3 c5 5. d5 Ne4
E21	Nimzo-Indian Defense: Three Knights Variation, Korchnoi Variation	1. d4 Nf6 2. c4 e6 3. Nc3 Bb4 4. Nf3 c5 5. d5
E21	Nimzo-Indian Defense: Three Knights Variation, Shocron Gambit	1. d4 Nf6 2. c4 e6 3. Nf3 Bb4+ 4. Nc3 c5 5. d5 b5
E22	Nimzo-Indian Defense: Spielmann Variation	1. d4 Nf6 2. c4 e6 3. Nc3 Bb4 4. Qb3
E23	Nimzo-Indian Defense: Spielmann Variation, Romanovsky Gambit	1. d4 Nf6 2. c4 e6 3. Nc3 Bb4 4. Qb3 c5 5. dxc5 Nc6
E24	Nimzo-Indian Defense: Sämisch Variation	1. d4 Nf6 2. c4 e6 3. Nc3 Bb4 4. a3
E26	Nimzo-Indian Defense: Sämisch Variation	1. d4 Nf6 2. c4 e6 3. Nc3 Bb4 4. a3 Bxc3+ 5. bxc3 c5 6. e3
E26	Nimzo-Indian Defense: Sämisch Variation, O'Kelly Variation	1. d4 Nf6 2. c4 e6 3. Nc3 Bb4 4. a3 Bxc3+ 5. bxc3 c5 6. e3 b6
E27	Nimzo-Indian Defense: Sämisch Variation	1. d4 Nf6 2. c4 e6 3. Nc3 Bb4 4. a3 Bxc3+ 5. bxc3 O-O
E28	Nimzo-Indian Defense: Sämisch Variation	1. d4 Nf6 2. c4 e6 3. Nc3 Bb4 4. e3 O-O 5. a3 Bxc3+ 6. bxc3
E30	Nimzo-Indian Defense: Leningrad Variation	1. d4 Nf6 2. c4 e6 3. Nc3 Bb4 4. Bg5
E30	Nimzo-Indian Defense: Leningrad Variation, Averbakh Gambit	1. d4 Nf6 2. c4 e6 3. Nc3 Bb4 4. Bg5 h6 5. Bh4 c5 6. d5 b5
E31	Nimzo-Indian Defense: Leningrad Variation, Benoni Defense	1. d4 Nf6 2. c4 e6 3. Nc3 Bb4 4. Bg5 h6 5. Bh4 c5 6. d5 d6
E32	Nimzo-Indian Defense: Classical Variation	1. d4 Nf6 2. c4 e6 3. Nc3 Bb4 4. Qc2
E32	Nimzo-Indian Defense: Classical Variation, Keres Defense	1. d4 Nf6 2. c4 e6 3. Nc3 Bb4 4. Qc2 O-O 5. a3 Bxc3+ 6. Qxc3 b6
E33	Nimzo-Indian Defense: Classical Variation, Zurich Variation	1. d4 Nf6 2. c4 e6 3. Nc3 Bb4 4. Qc2 Nc6
E34	Nimzo-Indian Defense: Classical Variation, Noa Variation	1. d4 Nf6 2. c4 e6 3. Nc3 Bb4 4. Qc2 d5
E35	Nimzo-Indian Defense: Classical Variation, Noa Variation	1. d4 Nf6 2. c4 e6 3. Nc3 Bb4 4. Qc2 d5 5. cxd5 exd5
E36	Nimzo-Indian Defense: Classical Variation, Noa Variation	1. d4 Nf6 2. c4 e6 3. Nc3 Bb4 4. Qc2 d5 5. a3
E36	Nimzo-Indian Defense: Classical Variation, Romanishin Gambit	1. d4 Nf6 2. c4 e6 3. Nc3 Bb4 4. Qc2 d5 5. a3 Bxc3+ 6. Qxc3 c5
E38	Nimzo-Indian Defense: Classical Variation, Berlin Variation	1. d4 Nf6 2. c4 e6 3. Nc3 Bb4 4. Qc2 c5
E38	Nimzo-Indian Defense: Classical Variation, Berlin Variation	1. d4 Nf6 2. c4 e6 3. Nc3 Bb4 4. Qc2 O-O 5. e3 d5 6. Nf3 c5
E39	Nimzo-Indian Defense: Classical Variation, Berlin Variation, Pirc Variation	1. d4 Nf6 2. c4 e6 3. Nc3 Bb4 4. Qc2 c5 5. dxc5 O-O
E40	Nimzo-Indian Defense: Rubinstein System	1. d4 Nf6 2. c4 e6 3. Nc3 Bb4 4. e3
E41	Nimzo-Indian Defense: Rubinstein System	1. d4 Nf6 2. c4 e6 3. Nc3 Bb4 4. e3 c5
E42	Nimzo-Indian Defense: Rubinstein System, Rubinstein Variation	1. d4 Nf6 2. c4 e6 3. Nc3 Bb4 4. e3 c5 5. Ne2
E43	Nimzo-Indian Defense: St. Petersburg Variation	1. d4 Nf6 2. c4 e6 3. Nc3 Bb4 4. e3 b6
E43	Nimzo-Indian Defense: St. Petersburg Variation	1. d4 Nf6 2. c4 e6 3. Nc3 Bb4 4. e3 b6 5. Bd3 Bb7 6. Nf3
E43	Nimzo-Indian Defense: St. Petersburg Variation	1. d4 Nf6 2. c4 e6 3. Nc3 Bb4 4. e3 b6 5. Bd3 Bb7 6. Nf3 O-O
E43	Nimzo-Indian Defense: St. Petersburg Variation	1. d4 Nf6 2. c4 e6 3. Nc3 Bb4 4. Nf3 b6 5. e3 Ne4 6. Qc2
E43	Nimzo-Indian Defense: St. Petersburg Variation, with Ne4	1. d4 Nf6 2. c4 e6 3. Nc3 Bb4 4. e3 b6 5. Bd3 Bb7 6. Nf3 Ne4
E44	Nimzo-Indian Defense: St. Petersburg Variation	1. d4 Nf6 2. c4 e6 3. Nc3 Bb4 4. e3 b6 5. Ne2
E44	Nimzo-Indian Defense: St. Petersburg Variation, American Variation	1. d4 Nf6 2. c4 e6 3. Nc3 Bb4 4. e3 b6 5. Ne2 Ne4
E45	Nimzo-Indian Defense: St. Petersburg Variation, Fischer Variation	1. d4 Nf6 2. c4 e6 3. Nc3 Bb4 4. e3 b6 5. Ne2 Ba6
E46	Nimzo-Indian Defense: Normal Variation	1. d4 Nf6 2. c4 e6 3. Nc3 Bb4 4. e3 O-O
E46	Nimzo-Indian Defense: Reshevsky Variation	1. d4 Nf6 2. c4 e6 3. Nc3 Bb4 4. e3 O-O 5. Ne2
E46	Nimzo-Indian Defense: Simagin Variation	1. d4 Nf6 2. c4 e6 3. Nc3 Bb4 4. e3 O-O 5. Ne2 d5 6. a3 Bd6
E47	Nimzo-Indian Defense: Normal Variation	1. d4 Nf6 2. c4 e6 3. Nc3 Bb4 4. e3 O-O 5. Bd3
E48	Nimzo-Indian Defense: Normal Variation, Classical Defense	1. d4 Nf6 2. c4 e6 3. Nc3 Bb4 4. e3 O-O 5. Bd3 d5
E50	Nimzo-Indian Defense	1. d4 Nf6 2. c4 e6 3. Nc3 Bb4 4. e3 O-O 5. Nf3
E51	Nimzo-Indian Defense: Normal Variation, Ragozin Variation	1. d4 Nf6 2. c4 e6 3. Nc3 Bb4 4. e3 O-O 5. Nf3 d5
E51	Nimzo-Indian Defense: Normal Variation, Sämisch Deferred	1. d4 Nf6 2. c4 e6 3. Nc3 Bb4 4. e3 O-O 5. Nf3 d5 6. a3
E52	Nimzo-Indian Defense: Normal Variation, Schlechter Defense	1. d4 Nf6 2. c4 e6 3. Nc3 Bb4 4. e3 O-O 5. Bd3 d5 6. Nf3 b6
E53	Nimzo-Indian Defense: Normal Variation, Gligoric System	1. d4 Nf6 2. c4 e6 3. Nc3 Bb4 4. e3 O-O 5. Bd3 d5 6. Nf3 c5
E60	Indian Defense: Anti-Grünfeld, Adorjan Gambit	1. d4 Nf6 2. c4 g6 3. d5 b5
E60	King's Indian Defense: Fianchetto Variation	1. d4 Nf6 2. c4 g6 3. Nf3 Bg7 4. g3
E60	King's Indian Defense: Santasiere Variation	1. d4 Nf6 2. c4 g6 3. Nf3 Bg7 4. b4
E60	King's Indian Defense: Semi-Classical Variation, Benoni Variation	1. d4 Nf6 2. c4 g6 3. Nc3 Bg7 4. Nf3 O-O 5. e3 d6 6. Be2 c6
E61	King's Indian Defense: Semi-Classical Variation	1. d4 Nf6 2. c4 g6 3. Nc3 Bg7 4. Nf3 O-O 5. e3 d6 6. Be2
E61	King's Indian Defense: Smyslov Variation	1. d4 Nf6 2. c4 g6 3. Nc3 Bg7 4. Nf3 d6 5. Bg5
E62	King's Indian Defense: Fianchetto Variation, Carlsbad Variation	1. d4 Nf6 2. c4 g6 3. g3 Bg7 4. Bg2 O-O 5. Nc3 d6 6. Nf3 Nc6
E62	King's Indian Defense: Fianchetto Variation, Delayed Fianchetto	1. d4 Nf6 2. c4 g6 3. Nc3 Bg7 4. Nf3 d6 5. g3
E64	King's Indian Defense: Fianchetto Variation, Pterodactyl Variation	1. d4 Nf6 2. c4 g6 3. Nf3 Bg7 4. g3 c5 5. Bg2 Qa5+
E64	King's Indian Defense: Fianchetto Variation, Yugoslav System	1. d4 Nf6 2. c4 g6 3. Nf3 Bg7 4. g3 d6 5. Bg2 O-O 6. O-O c5
E67	King's Indian Defense: Fianchetto Variation, Debrecen Defense	1. d4 Nf6 2. c4 g6 3. g3 Bg7 4. Bg2 O-O 5. Nc3 d6 6. Nf3 Nbd7
E70	King's Indian Defense: Accelerated Averbakh Variation	1. d4 Nf6 2. c4 g6 3. Nc3 Bg7 4. e4 d6 5. Bg5
E70	King's Indian Defense: Kramer Variation	1. d4 Nf6 2. c4 g6 3. Nc3 Bg7 4. e4 d6 5. Nge2
E72	King's Indian Defense: Normal Variation, Deferred Fianchetto	1. d4 Nf6 2. c4 g6 3. Nc3 Bg7 4. e4 d6 5. g3
E73	King's Indian Defense: Averbakh Variation	1. d4 Nf6 2. c4 g6 3. Nc3 Bg7 4. e4 d6 5. Be2 O-O 6. Bg5
E74	King's Indian Defense: Averbakh Variation, Benoni Defense	1. d4 Nf6 2. c4 g6 3. Nc3 Bg7 4. e4 d6 5. Be2 O-O 6. Bg5 c5
E76	King's Indian Defense: Four Pawns Attack	1. d4 Nf6 2. c4 g6 3. Nc3 Bg7 4. e4 d6 5. f4
E77	King's Indian Defense: Four Pawns Attack	1. d4 Nf6 2. c4 g6 3. Nc3 Bg7 4. e4 d6 5. Be2 O-O 6. f4
E80	King's Indian Defense: Sämisch Variation	1. d4 Nf6 2. c4 g6 3. Nc3 Bg7 4. e4 d6 5. f3
E81	King's Indian Defense: Steiner Attack	1. d4 Nf6 2. c4 g6 3. Nc3 Bg7 4. e4 d6 5. f3 O-O 6. Bg5
E81	King's Indian Defense: Sämisch Variation, Bobotsov-Korchnoi-Petrosian Variation	1. d4 Nf6 2. c4 g6 3. Nc3 Bg7 4. e4 d6 5. f3 O-O 6. Nge2
E81	King's Indian Defense: Sämisch Variation, Normal Defense	1. d4 Nf6 2. c4 g6 3. Nc3 Bg7 4. e4 d6 5. f3 O-O
E81	King's Indian Defense: Sämisch Variation, Sämisch Gambit	1. d4 Nf6 2. c4 g6 3. Nc3 Bg7 4. e4 d6 5. f3 O-O 6. Be3 c5
E90	King's Indian Defense: Zinnowitz Variation	1. d4 Nf6 2. c4 g6 3. Nc3 Bg7 4. e4 d6 5. Nf3 O-O 6. Bg5
E91	King's Indian Defense: Orthodox Variation	1. d4 Nf6 2. c4 g6 3. Nc3 Bg7 4. e4 d6 5. Nf3 O-O 6. Be2
